Age,Gender,Weight (kg),Height (m),Max_BPM,Avg_BPM,Resting_BPM,Session_Duration (hours),Calories_Burned,Workout_Type,Fat_Percentage,Water_Intake (liters),Workout_Frequency (days/week),Experience_Level,BMI
63.0,Female,62.7,1.64,185.0,144.0,69.0,1.03,612.0,Strength,24.8,2.6,5.0,3.0,23.21
24.0,Male,90.3,1.84,143.0,116.0,76.0,0.63,460.0,Strength,21.3,2.1,3.0,1.0,26.41
37.0,Female,62.5,1.57,198.0,159.0,67.0,1.22,339.0,Strength,27.2,2.3,5.0,3.0,25.76
22.0,Female,60.6,1.62,149.0,134.0,62.0,0.94,80.0,Yoga,25.8,2.4,4.0,2.0,22.79
27.0,Male,65.9,1.8,175.0,125.0,75.0,0.42,1045.0,Cardio,16.4,2.1,2.0,2.0,19.85
28.0,Female,72.7,1.69,163.0,138.0,70.0,1.02,539.0,HIIT,27.9,2.9,5.0,3.0,24.95
23.0,Female,72.3,1.66,186.0,152.0,76.0,1.16,935.0,Cardio,27.5,2.6,4.0,3.0,26.48
23.0,Female,63.9,1.53,160.0,125.0,71.0,1.04,995.0,Cardio,30.9,2.1,4.0,2.0,27.57
34.0,Male,75.1,1.71,150.0,126.0,65.0,0.3,299.0,HIIT,23.2,2.4,2.0,2.0,26.12
21.0,Female,53.0,1.65,168.0,133.0,62.0,0.88,352.0,Cardio,23.7,2.7,3.0,2.0,19.03
46.0,Female,77.5,1.69,152.0,117.0,69.0,0.78,1206.0,Yoga,31.6,1.8,2.0,1.0,27.05
25.0,Female,61.1,1.62,174.0,152.0,65.0,1.25,633.0,Cardio,27.3,2.3,4.0,3.0,24.13
70.0,Female,55.8,1.59,161.0,139.0,67.0,1.16,442.0,HIIT,24.6,2.2,3.0,2.0,21.97
31.0,Female,58.3,1.6,169.0,141.0,60.0,1.13,319.0,Cardio,19.0,1.8,4.0,2.0,22.58
37.0,Female,56.7,1.61,156.0,129.0,64.0,0.45,601.0,Yoga,26.0,2.2,2.0,2.0,21.87
20.0,Female,75.9,1.65,171.0,132.0,57.0,0.63,1131.0,Cardio,26.6,2.6,2.0,1.0,28.06
56.0,Female,51.0,1.66,173.0,139.0,48.0,0.9,870.0,Cardio,21.6,3.1,4.0,3.0,18.69
49.0,Male,67.1,1.8,162.0,135.0,71.0,0.44,705.0,Yoga,19.7,1.6,2.0,1.0,20.49
40.0,Female,59.4,1.62,170.0,137.0,84.0,0.75,1158.0,HIIT,29.1,2.8,3.0,2.0,22.43
20.0,Female,79.8,1.63,159.0,147.0,81.0,0.85,1098.0,Cardio,36.6,2.5,3.0,2.0,29.93
39.0,Male,80.6,1.7,163.0,140.0,61.0,0.87,758.0,Cardio,21.6,1.4,3.0,2.0,27.63
23.0,Male,61.8,1.84,143.0,113.0,73.0,0.69,1535.0,Cardio,12.7,2.0,2.0,1.0,17.82
54.0,Male,97.3,1.85,193.0,156.0,54.0,1.45,578.0,Yoga,25.7,2.6,6.0,3.0,29.06
46.0,Female,100.5,1.88,189.0,159.0,55.0,1.37,1009.0,HIIT,30.5,3.3,4.0,3.0,28.29
37.0,Female,54.9,1.68,176.0,136.0,60.0,1.08,526.0,Strength,18.9,2.1,5.0,2.0,19.33
18.0,Female,39.6,1.55,157.0,122.0,70.0,0.61,936.0,Cardio,20.2,2.4,2.0,1.0,16.37
24.0,Female,69.1,1.71,169.0,145.0,67.0,1.06,574.0,Cardio,27.7,2.4,4.0,2.0,23.6
44.0,Female,72.7,1.59,145.0,118.0,74.0,0.63,794.0,Cardio,26.3,1.4,3.0,1.0,28.91
51.0,Male,80.2,1.62,130.0,89.0,77.0,0.58,1407.0,Cardio,23.5,1.9,3.0,1.0,30.4
49.0,Female,55.4,1.64,177.0,153.0,66.0,1.25,960.0,Cardio,21.5,3.1,5.0,2.0,21.0
18.0,Male,91.5,1.73,173.0,133.0,68.0,0.62,801.0,Strength,25.8,2.4,3.0,2.0,30.78
40.0,Female,51.1,1.76,165.0,146.0,56.0,1.01,405.0,Cardio,22.3,3.2,5.0,2.0,16.43
48.0,Female,66.0,1.69,138.0,107.0,63.0,0.71,706.0,Yoga,24.5,2.5,2.0,1.0,22.88
18.0,Male,75.9,1.82,149.0,115.0,62.0,0.61,323.0,Cardio,20.5,1.9,1.0,1.0,23.29
36.0,Male,89.6,1.78,155.0,130.0,73.0,0.75,933.0,Cardio,31.4,1.9,3.0,2.0,28.22
39.0,Female,77.2,1.62,135.0,111.0,70.0,0.49,920.0,Strength,27.7,1.6,3.0,1.0,28.98
32.0,Male,91.1,1.8,138.0,111.0,59.0,0.51,587.0,Yoga,22.5,2.8,2.0,1.0,28.47
18.0,Female,56.2,1.73,175.0,141.0,68.0,1.1,1185.0,Cardio,24.0,2.5,5.0,3.0,18.52
32.0,Female,76.5,1.66,162.0,138.0,63.0,0.83,1138.0,Strength,32.2,1.3,4.0,1.0,28.07
32.0,Male,81.9,1.78,163.0,144.0,80.0,1.22,702.0,HIIT,23.9,2.8,5.0,3.0,24.97
34.0,Female,53.1,1.71,166.0,129.0,68.0,0.41,827.0,Cardio,26.9,1.3,3.0,1.0,18.03
29.0,Female,45.5,1.66,163.0,132.0,73.0,0.76,461.0,Strength,21.2,2.1,5.0,3.0,16.92
31.0,Female,77.7,1.67,173.0,137.0,76.0,0.75,563.0,Cardio,23.3,2.5,4.0,1.0,27.86
36.0,Female,65.6,1.66,156.0,122.0,65.0,0.84,304.0,Yoga,26.3,3.2,2.0,1.0,24.02
41.0,Female,46.3,1.56,174.0,129.0,69.0,1.03,498.0,Yoga,20.5,2.8,4.0,2.0,18.71
32.0,Female,62.2,1.64,169.0,132.0,72.0,0.98,617.0,Cardio,29.6,2.2,4.0,3.0,23.25
31.0,Male,82.9,1.79,149.0,127.0,73.0,0.68,117.0,Strength,25.6,2.1,2.0,1.0,25.87
37.0,Male,90.1,1.93,161.0,129.0,75.0,0.64,832.0,Yoga,16.6,2.5,3.0,1.0,24.27
18.0,Female,50.2,1.67,161.0,137.0,59.0,0.8,977.0,Strength,25.5,3.1,3.0,2.0,18.71
42.0,Female,86.2,1.65,130.0,106.0,76.0,0.73,643.0,Strength,35.2,2.0,1.0,1.0,32.12
36.0,Male,106.6,1.94,132.0,115.0,69.0,0.62,80.0,Yoga,23.7,2.0,2.0,1.0,28.6
36.0,Female,67.1,1.7,130.0,104.0,74.0,0.47,562.0,Yoga,25.3,1.7,2.0,2.0,23.5
48.0,Male,84.8,1.93,169.0,137.0,74.0,1.06,206.0,Strength,24.4,2.7,3.0,2.0,22.45
18.0,Male,80.1,1.78,166.0,139.0,73.0,0.91,456.0,HIIT,16.3,2.9,3.0,2.0,25.12
18.0,Female,62.1,1.78,152.0,133.0,70.0,1.0,1116.0,Strength,24.0,1.6,3.0,2.0,19.06
39.0,Female,67.6,1.64,154.0,138.0,72.0,0.95,80.0,Yoga,30.4,2.3,4.0,3.0,24.69
36.0,Female,50.7,1.64,185.0,140.0,73.0,1.1,392.0,Yoga,21.8,1.9,3.0,2.0,18.54
38.0,Female,62.8,1.63,170.0,139.0,78.0,1.0,917.0,Yoga,27.8,2.5,4.0,1.0,23.63
30.0,Female,52.6,1.62,130.0,106.0,72.0,0.52,419.0,Cardio,23.4,1.5,2.0,1.0,19.61
44.0,Male,64.9,1.79,147.0,115.0,73.0,0.7,398.0,Yoga,15.8,1.5,2.0,1.0,20.24
47.0,Female,92.3,1.75,186.0,140.0,75.0,1.02,1303.0,Yoga,28.7,3.0,4.0,2.0,30.08
42.0,Male,76.4,1.78,185.0,152.0,65.0,1.05,775.0,HIIT,23.4,2.4,3.0,2.0,23.72
33.0,Male,75.6,1.75,139.0,133.0,59.0,1.13,951.0,Cardio,19.8,2.4,4.0,2.0,25.22
18.0,Female,47.1,1.69,191.0,142.0,71.0,0.88,810.0,Yoga,15.6,2.6,4.0,2.0,16.03
45.0,Female,59.6,1.66,158.0,145.0,67.0,1.07,705.0,Strength,24.7,2.9,4.0,2.0,22.02
51.0,Female,69.0,1.64,160.0,134.0,60.0,0.71,1053.0,Cardio,26.0,2.3,3.0,2.0,24.87
44.0,Male,73.7,1.73,166.0,147.0,72.0,0.95,1262.0,Cardio,18.1,2.3,3.0,2.0,24.58
25.0,Female,43.3,1.62,152.0,130.0,82.0,0.61,109.0,Cardio,20.4,1.9,2.0,1.0,16.08
44.0,Male,82.8,1.81,162.0,132.0,61.0,0.87,639.0,Yoga,24.5,2.6,3.0,2.0,25.04
46.0,Male,93.5,1.9,134.0,123.0,79.0,0.63,633.0,Cardio,22.8,2.1,2.0,1.0,26.53
55.0,Male,102.7,1.87,169.0,142.0,54.0,0.74,513.0,Yoga,22.3,2.0,2.0,1.0,29.25
25.0,Male,62.1,1.68,149.0,112.0,69.0,0.39,958.0,Yoga,21.1,2.3,1.0,2.0,21.62
33.0,Male,51.1,1.76,196.0,175.0,77.0,1.24,740.0,HIIT,18.3,3.6,4.0,3.0,16.67
45.0,Male,60.6,1.71,143.0,126.0,70.0,0.52,1263.0,Strength,25.2,2.1,2.0,1.0,20.6
37.0,Male,63.0,1.76,158.0,131.0,73.0,1.02,1003.0,Yoga,22.6,2.0,3.0,1.0,20.39
23.0,Male,99.6,1.91,140.0,115.0,77.0,0.55,1082.0,Yoga,20.8,3.0,3.0,1.0,26.98
41.0,Male,46.0,1.67,149.0,126.0,60.0,0.66,264.0,Cardio,17.8,2.7,2.0,1.0,16.19
43.0,Male,60.4,1.65,168.0,150.0,69.0,0.99,395.0,Yoga,20.5,3.0,4.0,2.0,21.91
37.0,Female,73.2,1.58,157.0,125.0,68.0,0.73,416.0,Strength,27.0,2.2,4.0,2.0,29.6
39.0,Male,77.5,1.8,167.0,134.0,81.0,0.89,1074.0,Yoga,22.0,2.2,3.0,1.0,23.84
33.0,Male,91.4,1.83,134.0,115.0,59.0,1.03,340.0,Yoga,29.6,1.6,3.0,2.0,26.93
54.0,Male,59.8,1.81,137.0,116.0,69.0,0.66,346.0,Cardio,20.2,2.5,2.0,1.0,18.31
25.0,Female,47.9,1.64,157.0,128.0,62.0,0.62,289.0,Yoga,18.2,2.5,4.0,2.0,17.84
29.0,Male,80.6,1.64,136.0,116.0,65.0,0.56,1527.0,Strength,26.0,1.3,1.0,1.0,30.17
36.0,Male,88.0,1.88,176.0,147.0,80.0,0.8,606.0,Strength,23.4,2.6,2.0,1.0,24.73
47.0,Male,77.1,1.76,175.0,135.0,72.0,0.74,819.0,Yoga,16.7,1.9,3.0,1.0,24.86
18.0,Female,56.8,1.7,150.0,122.0,64.0,1.15,286.0,Cardio,17.6,2.4,5.0,2.0,19.8
20.0,Male,67.7,1.67,160.0,142.0,64.0,0.82,958.0,Strength,21.9,1.8,3.0,2.0,23.92
18.0,Male,63.8,1.78,157.0,126.0,68.0,0.84,81.0,Cardio,18.6,2.3,2.0,1.0,20.45
36.0,Male,92.0,1.8,160.0,133.0,65.0,0.96,338.0,Cardio,19.2,2.7,3.0,1.0,28.4
23.0,Male,121.9,1.87,147.0,120.0,63.0,0.89,415.0,Cardio,31.1,2.1,2.0,2.0,34.47
31.0,Male,70.1,1.65,171.0,139.0,66.0,0.97,722.0,Strength,25.9,2.3,4.0,3.0,25.36
44.0,Male,70.0,1.78,139.0,105.0,69.0,0.34,389.0,Cardio,19.0,3.3,3.0,1.0,22.06
28.0,Female,42.2,1.6,136.0,108.0,67.0,0.78,1134.0,Strength,20.4,1.6,1.0,1.0,16.29
39.0,Male,60.0,1.82,148.0,120.0,73.0,0.58,807.0,Yoga,18.2,1.8,2.0,1.0,18.38
32.0,Female,79.2,1.63,182.0,137.0,70.0,0.91,430.0,Yoga,32.2,2.8,3.0,2.0,29.71
44.0,Male,72.8,1.88,149.0,111.0,68.0,0.43,963.0,Yoga,13.5,1.6,2.0,1.0,20.7
42.0,Male,69.9,1.74,145.0,110.0,71.0,0.89,522.0,Yoga,17.8,1.6,3.0,1.0,22.79
28.0,Female,70.8,1.62,146.0,117.0,87.0,0.57,457.0,Yoga,27.4,2.6,1.0,1.0,26.97
34.0,Female,72.2,1.58,183.0,163.0,79.0,1.53,946.0,HIIT,27.6,3.1,5.0,3.0,29.38
49.0,Female,54.2,1.55,190.0,153.0,57.0,1.23,80.0,HIIT,29.4,3.0,4.0,3.0,22.51
41.0,Male,74.9,1.83,181.0,152.0,62.0,0.83,887.0,Yoga,21.8,2.5,4.0,2.0,22.17
19.0,Male,85.7,1.86,134.0,111.0,65.0,0.85,419.0,Cardio,18.5,1.8,3.0,2.0,24.47
44.0,Female,56.3,1.64,182.0,156.0,71.0,1.28,427.0,HIIT,23.1,2.7,5.0,2.0,20.93
23.0,Male,61.3,1.68,152.0,132.0,65.0,0.96,1277.0,Strength,22.8,2.4,3.0,2.0,22.21
53.0,Female,73.6,1.7,178.0,142.0,70.0,0.78,480.0,HIIT,25.4,2.8,4.0,2.0,24.99
48.0,Male,71.1,1.68,143.0,110.0,86.0,0.58,951.0,Strength,24.7,2.3,2.0,1.0,25.17
39.0,Female,93.1,1.69,166.0,137.0,72.0,0.71,739.0,Strength,37.2,1.7,3.0,1.0,32.0
38.0,Female,70.4,1.64,130.0,101.0,77.0,0.46,766.0,Yoga,31.6,2.5,3.0,1.0,26.03
33.0,Female,70.0,1.59,194.0,171.0,68.0,1.21,577.0,Strength,29.7,2.0,3.0,3.0,27.78
44.0,Male,59.3,1.73,148.0,137.0,64.0,0.91,554.0,HIIT,21.6,2.3,3.0,2.0,19.26
32.0,Female,64.5,1.56,141.0,124.0,79.0,0.66,1136.0,Yoga,26.6,1.6,1.0,1.0,26.35
39.0,Male,69.7,1.79,153.0,131.0,66.0,0.87,948.0,Yoga,26.9,1.7,2.0,2.0,21.86
46.0,Female,63.4,1.58,166.0,145.0,77.0,0.93,492.0,Strength,28.0,3.3,4.0,2.0,25.44
29.0,Female,79.3,1.71,141.0,111.0,68.0,0.55,310.0,Strength,32.1,1.4,2.0,1.0,27.24
29.0,Female,62.4,1.63,194.0,160.0,61.0,1.7,473.0,Strength,24.7,2.4,6.0,3.0,23.14
22.0,Female,97.8,1.72,182.0,155.0,60.0,0.91,967.0,HIIT,34.9,2.7,3.0,1.0,33.16
23.0,Male,83.8,1.69,166.0,127.0,62.0,0.94,1027.0,Strength,27.1,2.2,3.0,2.0,29.13
18.0,Female,74.2,1.6,161.0,139.0,69.0,0.6,826.0,Cardio,27.4,2.2,3.0,1.0,29.23
45.0,Male,77.5,1.7,167.0,140.0,51.0,0.93,134.0,Cardio,20.6,3.1,3.0,2.0,26.01
58.0,Female,91.6,1.73,160.0,132.0,66.0,0.98,892.0,Strength,30.9,2.7,4.0,2.0,30.5
53.0,Female,57.8,1.77,164.0,127.0,64.0,1.11,1068.0,Yoga,25.1,2.2,3.0,2.0,18.48
18.0,Female,80.9,1.65,145.0,116.0,78.0,0.71,702.0,Yoga,25.3,2.0,2.0,1.0,30.19
45.0,Female,65.7,1.78,130.0,98.0,75.0,0.81,1279.0,Cardio,22.5,2.3,2.0,1.0,20.77
53.0,Male,74.1,1.82,130.0,114.0,67.0,0.81,225.0,Cardio,23.8,2.4,2.0,1.0,22.44
31.0,Male,82.5,1.78,154.0,133.0,65.0,1.0,870.0,Strength,19.1,2.5,4.0,2.0,26.17
37.0,Female,72.9,1.58,144.0,107.0,70.0,0.71,319.0,Cardio,34.1,2.3,3.0,1.0,29.64
18.0,Male,68.1,1.84,136.0,125.0,82.0,0.82,987.0,Cardio,14.7,2.3,2.0,1.0,19.98
39.0,Male,71.5,1.78,155.0,116.0,66.0,0.48,841.0,Yoga,17.3,2.1,2.0,1.0,22.08
23.0,Male,84.9,1.87,162.0,130.0,63.0,1.34,1230.0,Cardio,21.0,2.2,3.0,2.0,23.72
38.0,Male,70.4,1.72,137.0,115.0,64.0,0.57,805.0,Cardio,26.7,2.4,3.0,1.0,24.03
18.0,Male,72.3,1.65,179.0,158.0,54.0,1.24,527.0,HIIT,21.3,2.9,5.0,3.0,26.63
43.0,Male,114.1,1.78,180.0,137.0,70.0,0.79,493.0,Yoga,25.6,1.5,2.0,2.0,35.92
48.0,Male,92.2,1.88,150.0,111.0,73.0,0.47,564.0,Yoga,18.7,1.7,1.0,1.0,25.88
27.0,Male,67.6,1.79,164.0,137.0,77.0,1.12,489.0,Strength,21.7,2.2,3.0,2.0,21.16
22.0,Male,60.6,1.76,146.0,117.0,79.0,0.99,1080.0,Yoga,13.6,2.0,2.0,1.0,19.64
18.0,Female,57.9,1.62,166.0,143.0,81.0,1.2,1062.0,Strength,28.2,3.3,5.0,3.0,22.23
33.0,Male,74.9,1.92,162.0,133.0,67.0,1.02,172.0,Cardio,18.5,3.9,4.0,2.0,19.93
29.0,Male,74.2,1.7,165.0,142.0,66.0,1.0,665.0,Strength,22.4,1.3,3.0,3.0,25.06
18.0,Female,72.2,1.66,151.0,124.0,63.0,0.8,668.0,Yoga,28.9,2.2,3.0,1.0,25.88
41.0,Male,74.1,1.83,176.0,134.0,73.0,1.3,404.0,Cardio,17.3,2.5,4.0,1.0,21.65
31.0,Male,83.5,1.63,170.0,143.0,69.0,1.2,794.0,Yoga,27.6,2.4,4.0,3.0,30.94
23.0,Female,52.5,1.6,164.0,144.0,69.0,1.25,1122.0,Strength,19.8,3.0,6.0,3.0,21.06
29.0,Male,78.5,1.83,144.0,127.0,60.0,1.05,936.0,Cardio,24.8,2.5,2.0,1.0,22.65
49.0,Male,90.1,1.85,162.0,133.0,70.0,1.06,1083.0,Cardio,20.0,2.3,3.0,2.0,26.49
43.0,Male,92.4,1.82,155.0,133.0,73.0,0.65,418.0,Yoga,25.6,2.1,2.0,1.0,28.21
34.0,Female,87.9,1.73,150.0,120.0,73.0,0.49,657.0,Cardio,27.4,2.4,3.0,1.0,29.72
43.0,Female,76.4,1.73,148.0,133.0,63.0,0.85,405.0,Cardio,25.8,2.7,2.0,1.0,25.62
22.0,Male,89.3,1.77,167.0,133.0,80.0,0.82,726.0,Strength,23.7,2.2,2.0,1.0,28.97
36.0,Female,62.8,1.69,135.0,115.0,86.0,0.84,753.0,HIIT,33.5,1.8,2.0,1.0,22.61
38.0,Female,77.3,1.68,186.0,158.0,60.0,0.94,961.0,Strength,28.9,3.7,4.0,1.0,27.28
30.0,Female,69.3,1.61,174.0,149.0,69.0,1.33,1076.0,Yoga,25.9,3.0,6.0,3.0,26.89
41.0,Female,86.4,1.69,150.0,108.0,52.0,0.83,867.0,Cardio,29.9,2.4,3.0,1.0,30.7
27.0,Male,57.5,1.81,163.0,134.0,73.0,0.71,374.0,Strength,11.5,2.2,3.0,2.0,17.25
42.0,Male,72.1,1.85,160.0,116.0,59.0,0.58,213.0,Yoga,18.4,2.2,3.0,1.0,20.98
43.0,Male,83.7,1.76,160.0,128.0,64.0,1.27,819.0,Yoga,29.2,2.5,3.0,2.0,26.8
18.0,Male,50.0,1.74,183.0,144.0,63.0,0.69,1130.0,Yoga,16.2,1.2,2.0,1.0,16.68
50.0,Female,61.9,1.55,165.0,139.0,66.0,0.8,642.0,Yoga,30.3,2.1,4.0,2.0,25.1
18.0,Female,78.8,1.68,172.0,141.0,74.0,0.99,163.0,Yoga,26.6,2.1,3.0,2.0,28.42
29.0,Female,54.2,1.58,169.0,131.0,55.0,1.12,1319.0,HIIT,23.8,2.2,4.0,1.0,21.9
48.0,Female,59.3,1.61,147.0,112.0,69.0,0.3,800.0,Yoga,25.9,1.6,3.0,1.0,23.08
32.0,Female,62.3,1.8,196.0,164.0,60.0,1.32,712.0,HIIT,20.2,2.8,5.0,3.0,18.4
18.0,Female,59.8,1.63,130.0,101.0,83.0,0.59,270.0,Yoga,26.2,2.7,3.0,1.0,22.14
23.0,Female,57.9,1.6,134.0,107.0,75.0,0.4,648.0,Yoga,26.9,2.2,4.0,1.0,23.14
48.0,Female,63.8,1.73,171.0,134.0,60.0,0.98,871.0,HIIT,25.7,1.9,4.0,2.0,21.26
18.0,Male,72.7,1.83,171.0,132.0,69.0,0.63,809.0,Yoga,18.9,1.6,2.0,2.0,21.11
50.0,Male,69.2,1.74,155.0,132.0,79.0,0.97,433.0,Strength,23.6,2.3,4.0,2.0,22.93
35.0,Male,72.3,1.78,162.0,140.0,73.0,0.92,633.0,Cardio,19.5,1.8,4.0,2.0,23.06
22.0,Male,113.0,1.89,139.0,118.0,66.0,0.5,448.0,Yoga,26.3,2.2,3.0,1.0,31.82
29.0,Male,73.8,1.84,202.0,167.0,62.0,1.07,1188.0,Yoga,23.8,3.4,6.0,3.0,21.75
24.0,Female,73.7,1.69,130.0,102.0,70.0,0.55,930.0,HIIT,24.3,1.8,1.0,2.0,26.2
46.0,Male,80.9,1.93,178.0,143.0,64.0,1.1,485.0,Strength,14.3,2.5,4.0,2.0,21.47
45.0,Female,69.0,1.76,148.0,116.0,60.0,0.68,273.0,Strength,22.2,1.9,3.0,1.0,22.46
18.0,Female,43.6,1.61,187.0,163.0,59.0,1.28,746.0,Strength,21.6,2.5,5.0,3.0,16.87
31.0,Female,54.8,1.72,151.0,110.0,82.0,0.49,487.0,Yoga,25.7,2.2,3.0,1.0,18.48
26.0,Female,62.4,1.77,134.0,118.0,69.0,0.59,512.0,Strength,20.9,1.8,2.0,1.0,19.78
52.0,Female,63.7,1.59,158.0,117.0,71.0,0.76,284.0,Strength,32.6,1.7,2.0,1.0,25.08
20.0,Male,84.8,1.76,175.0,144.0,65.0,1.37,332.0,Strength,24.0,2.1,5.0,3.0,27.39
55.0,Male,50.0,1.74,152.0,141.0,80.0,1.22,706.0,HIIT,14.9,2.8,5.0,3.0,16.41
36.0,Male,73.9,1.84,171.0,130.0,68.0,0.58,562.0,Cardio,16.9,2.9,4.0,2.0,22.08
22.0,Male,59.3,1.81,191.0,155.0,72.0,1.19,1454.0,Cardio,22.3,3.1,5.0,2.0,17.91
28.0,Male,66.7,1.73,171.0,146.0,60.0,1.22,845.0,Cardio,19.4,3.5,5.0,3.0,22.83
26.0,Female,74.4,1.63,153.0,133.0,66.0,0.83,281.0,Cardio,25.4,2.1,4.0,2.0,27.8
21.0,Male,77.2,1.84,130.0,99.0,72.0,0.59,152.0,Strength,27.6,2.5,2.0,1.0,23.12
37.0,Male,70.2,1.72,179.0,132.0,63.0,1.09,779.0,Yoga,22.2,2.0,4.0,2.0,24.07
21.0,Female,81.1,1.66,167.0,146.0,67.0,0.96,525.0,Cardio,32.9,2.8,5.0,2.0,29.49
18.0,Female,68.0,1.61,143.0,125.0,78.0,0.8,1075.0,Strength,33.0,2.8,2.0,1.0,26.26
31.0,Male,61.7,1.69,147.0,117.0,66.0,0.42,735.0,Cardio,21.1,2.3,3.0,1.0,21.35
18.0,Male,72.5,1.72,153.0,138.0,68.0,0.92,80.0,HIIT,24.5,3.2,3.0,2.0,24.33
27.0,Female,58.1,1.65,130.0,110.0,77.0,0.36,317.0,Yoga,24.2,1.8,2.0,1.0,21.42
25.0,Male,72.0,1.7,205.0,170.0,58.0,1.23,441.0,Strength,24.1,2.7,4.0,3.0,24.9
26.0,Female,73.8,1.67,171.0,139.0,80.0,0.49,789.0,Strength,28.1,1.7,3.0,1.0,26.88
60.0,Female,44.6,1.52,145.0,120.0,73.0,0.84,311.0,Strength,22.4,2.1,3.0,2.0,19.14
37.0,Female,62.9,1.6,190.0,162.0,67.0,1.03,704.0,Cardio,27.0,2.6,3.0,2.0,24.43
39.0,Female,63.9,1.63,135.0,111.0,58.0,0.8,219.0,Yoga,25.1,2.1,3.0,1.0,23.47
18.0,Male,87.0,1.81,133.0,105.0,69.0,0.59,646.0,Strength,24.8,1.9,3.0,1.0,26.78
28.0,Female,83.8,1.76,151.0,129.0,71.0,0.82,768.0,HIIT,30.2,2.2,3.0,1.0,27.25
39.0,Male,69.2,1.66,175.0,152.0,76.0,1.13,1122.0,HIIT,24.5,3.0,5.0,3.0,25.45
24.0,Female,64.3,1.66,164.0,141.0,76.0,0.69,728.0,Yoga,27.6,2.0,3.0,1.0,23.7
47.0,Male,85.9,1.75,137.0,115.0,80.0,0.92,387.0,HIIT,30.4,1.6,2.0,1.0,28.33
22.0,Male,63.0,1.75,163.0,127.0,60.0,1.03,1128.0,Yoga,21.6,1.6,4.0,2.0,20.86
33.0,Male,58.6,1.79,179.0,145.0,63.0,1.23,596.0,Cardio,16.0,2.5,6.0,3.0,18.5
29.0,Male,58.9,1.89,168.0,147.0,77.0,0.94,900.0,Strength,16.6,1.8,3.0,3.0,16.76
38.0,Male,82.0,1.84,146.0,128.0,66.0,0.65,452.0,Strength,25.6,1.7,3.0,1.0,23.58
28.0,Male,61.8,1.7,140.0,113.0,79.0,0.95,677.0,Yoga,16.3,1.9,3.0,1.0,21.0
33.0,Male,87.1,1.83,144.0,99.0,77.0,0.84,389.0,Yoga,28.9,2.0,2.0,1.0,25.57
33.0,Male,57.0,1.83,130.0,107.0,74.0,0.69,749.0,Yoga,13.3,1.8,2.0,1.0,17.47
27.0,Female,65.7,1.75,180.0,153.0,66.0,0.99,911.0,HIIT,26.9,3.4,5.0,1.0,21.18
42.0,Female,76.9,1.71,154.0,125.0,65.0,0.69,489.0,Strength,28.0,1.5,3.0,2.0,26.08
39.0,Female,60.5,1.74,164.0,137.0,80.0,1.04,476.0,Cardio,22.8,3.0,4.0,3.0,19.99
35.0,Female,78.0,1.75,179.0,155.0,72.0,0.91,767.0,Cardio,23.5,2.4,5.0,2.0,25.03
31.0,Female,63.0,1.7,193.0,156.0,70.0,0.84,389.0,Strength,27.1,2.2,3.0,1.0,21.93
46.0,Female,64.0,1.62,150.0,118.0,69.0,0.8,162.0,Yoga,22.6,2.4,2.0,1.0,23.64
33.0,Male,81.0,1.76,171.0,136.0,68.0,0.97,764.0,Yoga,18.6,2.2,5.0,2.0,25.74
32.0,Female,82.4,1.73,163.0,130.0,69.0,1.11,617.0,Strength,32.5,2.1,4.0,2.0,27.6
37.0,Male,71.7,1.72,168.0,133.0,71.0,1.22,612.0,HIIT,26.8,3.3,4.0,3.0,23.8
56.0,Female,70.9,1.82,144.0,103.0,77.0,0.73,812.0,Yoga,22.1,1.1,2.0,1.0,21.86
20.0,Male,72.1,1.78,142.0,103.0,67.0,0.7,857.0,Strength,23.2,2.0,2.0,2.0,22.77
45.0,Female,82.4,1.79,184.0,137.0,54.0,1.77,606.0,HIIT,30.0,2.9,4.0,3.0,26.11
18.0,Female,55.5,1.64,167.0,129.0,73.0,0.68,289.0,Cardio,23.2,2.7,2.0,1.0,20.76
39.0,Female,72.1,1.74,130.0,102.0,60.0,0.49,439.0,Yoga,30.1,1.9,2.0,1.0,23.81
55.0,Male,65.6,1.71,190.0,155.0,66.0,0.93,840.0,HIIT,19.5,3.6,3.0,3.0,22.09
42.0,Female,58.7,1.58,163.0,129.0,64.0,1.2,696.0,Cardio,27.4,2.8,3.0,2.0,23.84
38.0,Male,65.2,1.83,205.0,171.0,67.0,1.1,481.0,Cardio,13.8,1.7,3.0,3.0,19.62
29.0,Female,43.6,1.58,134.0,114.0,86.0,0.54,394.0,Cardio,17.3,1.4,1.0,1.0,18.19
36.0,Male,81.0,1.79,170.0,138.0,50.0,1.46,853.0,Strength,25.7,2.9,5.0,2.0,25.57
33.0,Female,81.4,1.7,154.0,131.0,88.0,0.61,577.0,Cardio,31.2,1.6,2.0,1.0,28.03
27.0,Male,57.2,1.83,182.0,150.0,66.0,0.95,894.0,Cardio,15.2,2.7,3.0,2.0,17.18
33.0,Female,68.9,1.65,153.0,127.0,70.0,1.13,933.0,Cardio,33.0,2.2,4.0,2.0,25.46
38.0,Female,81.7,1.69,147.0,115.0,62.0,0.54,545.0,Cardio,35.6,1.6,2.0,1.0,29.01
27.0,Female,61.8,1.52,130.0,109.0,79.0,0.43,948.0,Strength,29.7,1.7,3.0,1.0,27.21
26.0,Female,69.4,1.74,151.0,117.0,72.0,0.44,689.0,Yoga,21.0,2.5,2.0,1.0,22.87
20.0,Female,52.4,1.63,185.0,155.0,64.0,1.38,743.0,Strength,22.4,1.9,5.0,3.0,19.3
41.0,Male,79.3,1.81,161.0,132.0,54.0,1.01,80.0,Cardio,18.9,2.9,3.0,2.0,23.56
43.0,Female,69.2,1.69,180.0,136.0,65.0,1.19,342.0,Cardio,26.7,3.3,6.0,3.0,23.83
39.0,Female,74.3,1.75,155.0,130.0,74.0,0.8,356.0,Cardio,23.6,2.3,3.0,1.0,24.05
48.0,Male,72.7,1.77,174.0,143.0,66.0,0.93,550.0,Strength,17.0,1.8,4.0,2.0,23.73
37.0,Female,44.5,1.5,163.0,134.0,76.0,1.14,689.0,Strength,16.0,2.7,4.0,3.0,20.31
41.0,Female,71.1,1.65,145.0,115.0,80.0,0.52,695.0,Cardio,28.4,1.9,2.0,1.0,26.45
40.0,Male,82.4,1.77,155.0,109.0,68.0,0.55,736.0,Cardio,16.1,1.4,1.0,1.0,26.73
35.0,Male,79.0,1.79,159.0,130.0,79.0,0.79,430.0,Strength,20.8,3.3,3.0,3.0,24.41
30.0,Male,78.8,1.8,173.0,150.0,68.0,0.91,874.0,Yoga,23.5,2.1,4.0,1.0,23.79
63.0,Female,81.0,1.62,150.0,107.0,72.0,0.7,1225.0,Cardio,29.5,1.4,2.0,1.0,30.51
31.0,Male,64.4,1.73,169.0,143.0,69.0,1.29,542.0,Cardio,16.0,2.6,3.0,2.0,20.81
28.0,Female,83.1,1.7,151.0,136.0,68.0,1.0,439.0,Strength,29.8,2.4,4.0,2.0,28.36
41.0,Male,74.8,1.91,178.0,156.0,48.0,1.28,437.0,Cardio,15.9,3.5,4.0,3.0,20.33
39.0,Male,110.2,1.98,147.0,129.0,67.0,1.1,679.0,Strength,25.0,2.3,3.0,2.0,28.17
19.0,Male,96.7,1.82,130.0,114.0,62.0,0.75,479.0,Yoga,22.3,1.9,1.0,1.0,29.24
49.0,Female,70.8,1.74,143.0,118.0,83.0,0.56,92.0,Yoga,25.4,2.3,2.0,2.0,23.14
35.0,Female,83.9,1.65,140.0,113.0,83.0,1.0,183.0,Yoga,30.6,2.2,2.0,1.0,31.02
23.0,Male,85.1,1.82,176.0,139.0,74.0,0.97,978.0,Cardio,22.5,2.6,4.0,3.0,25.46
50.0,Male,71.3,1.89,192.0,159.0,62.0,1.33,1067.0,Strength,22.9,2.9,4.0,2.0,19.96
44.0,Male,63.4,1.68,191.0,158.0,61.0,1.05,1167.0,Cardio,20.6,2.5,3.0,1.0,22.07
21.0,Male,90.2,1.77,142.0,121.0,67.0,0.7,720.0,Strength,26.6,1.9,1.0,1.0,29.17
57.0,Male,90.7,1.8,134.0,99.0,86.0,0.88,329.0,Yoga,22.5,2.5,2.0,1.0,28.0
44.0,Female,57.5,1.7,187.0,148.0,63.0,0.88,512.0,Strength,23.6,2.3,4.0,2.0,20.13
36.0,Female,66.7,1.69,165.0,134.0,52.0,1.09,175.0,Yoga,24.9,2.8,3.0,2.0,22.93
55.0,Female,60.7,1.55,169.0,138.0,79.0,0.67,160.0,Strength,27.3,2.7,1.0,1.0,25.33
38.0,Female,57.1,1.59,151.0,133.0,83.0,0.8,731.0,Cardio,27.0,1.8,2.0,1.0,22.79
36.0,Female,88.4,1.64,167.0,131.0,80.0,0.94,823.0,Cardio,31.8,3.5,2.0,2.0,32.15
28.0,Male,79.5,1.77,167.0,125.0,79.0,0.6,1274.0,Cardio,21.1,1.8,1.0,1.0,25.78
43.0,Male,77.5,1.81,161.0,130.0,76.0,1.08,625.0,Cardio,19.5,2.1,4.0,1.0,23.22
42.0,Male,87.9,1.74,141.0,118.0,72.0,0.7,212.0,Cardio,23.7,2.3,1.0,1.0,29.11
36.0,Female,56.2,1.56,152.0,125.0,57.0,0.53,607.0,Strength,26.0,2.3,2.0,2.0,23.72
27.0,Male,93.9,1.86,190.0,165.0,64.0,1.49,569.0,HIIT,22.6,2.8,5.0,2.0,27.48
38.0,Male,59.5,1.81,152.0,127.0,76.0,0.76,491.0,Yoga,21.0,2.5,2.0,1.0,17.64
35.0,Male,75.4,1.82,152.0,119.0,71.0,0.64,757.0,Yoga,28.3,2.2,2.0,2.0,22.7
20.0,Male,102.8,1.9,173.0,143.0,71.0,0.58,260.0,Strength,23.1,3.0,2.0,1.0,28.91
18.0,Male,88.0,1.7,150.0,114.0,65.0,0.7,688.0,Strength,27.3,2.1,3.0,1.0,30.16
43.0,Male,65.3,1.74,133.0,102.0,65.0,0.75,854.0,Yoga,22.4,1.7,2.0,1.0,21.44
18.0,Female,56.8,1.64,130.0,104.0,85.0,0.41,1097.0,HIIT,23.1,1.9,2.0,1.0,20.98
38.0,Male,79.8,1.73,157.0,133.0,85.0,0.71,748.0,Yoga,20.3,2.3,2.0,2.0,26.86
30.0,Female,61.0,1.66,140.0,117.0,72.0,0.75,981.0,Strength,29.9,2.3,3.0,1.0,21.6
52.0,Female,55.0,1.55,165.0,138.0,70.0,0.62,507.0,HIIT,27.4,2.5,4.0,2.0,23.11
30.0,Female,73.2,1.64,173.0,131.0,61.0,1.0,554.0,Strength,29.7,2.1,2.0,1.0,27.0
44.0,Male,71.9,1.79,157.0,113.0,76.0,0.75,1078.0,Cardio,24.3,2.6,2.0,1.0,22.44
31.0,Male,54.6,1.79,145.0,110.0,84.0,0.74,207.0,Cardio,17.9,3.0,1.0,1.0,16.96
37.0,Male,64.9,1.85,170.0,141.0,57.0,1.09,524.0,Cardio,17.0,2.5,3.0,2.0,19.17
45.0,Female,65.9,1.68,170.0,153.0,67.0,1.24,1017.0,HIIT,22.7,3.6,5.0,3.0,23.34
30.0,Female,40.2,1.56,188.0,158.0,68.0,1.13,588.0,Cardio,18.7,3.2,5.0,3.0,17.02
48.0,Male,76.6,1.81,143.0,121.0,76.0,0.38,553.0,Strength,24.3,3.1,3.0,1.0,23.73
24.0,Female,54.9,1.69,155.0,114.0,83.0,0.81,562.0,Strength,24.4,2.3,3.0,1.0,18.94
40.0,Male,90.9,1.72,130.0,103.0,86.0,0.76,683.0,Yoga,26.0,2.2,2.0,2.0,31.2
47.0,Female,83.8,1.6,134.0,103.0,70.0,0.83,994.0,Yoga,38.5,2.5,2.0,1.0,32.85
44.0,Male,60.9,1.75,187.0,166.0,73.0,0.86,950.0,Yoga,17.4,2.3,3.0,2.0,19.95
59.0,Male,93.9,1.92,161.0,133.0,73.0,0.77,653.0,Yoga,25.3,2.3,1.0,2.0,25.77
27.0,Male,74.5,1.89,164.0,131.0,68.0,0.42,996.0,Cardio,19.3,2.7,2.0,2.0,20.49
19.0,Female,56.0,1.55,147.0,111.0,74.0,0.52,754.0,Cardio,31.5,2.5,3.0,1.0,22.83
24.0,Male,100.8,1.81,164.0,136.0,73.0,0.99,926.0,HIIT,28.9,2.4,3.0,1.0,30.78
44.0,Male,71.2,1.77,144.0,110.0,74.0,0.75,317.0,Yoga,20.3,2.2,2.0,1.0,22.51
42.0,Male,64.4,1.68,146.0,123.0,62.0,1.22,1208.0,Cardio,19.7,2.8,3.0,2.0,23.54
37.0,Male,64.8,1.76,142.0,112.0,69.0,0.61,716.0,Strength,18.7,2.4,4.0,1.0,20.65
23.0,Female,71.7,1.61,203.0,167.0,61.0,1.16,80.0,Strength,26.9,3.1,4.0,2.0,27.68
45.0,Male,53.5,1.8,157.0,126.0,66.0,0.51,1177.0,Strength,11.1,2.3,2.0,1.0,16.58
21.0,Female,62.0,1.67,150.0,126.0,70.0,0.87,651.0,Strength,25.7,2.1,3.0,2.0,22.66
50.0,Female,67.6,1.71,177.0,151.0,67.0,1.62,532.0,HIIT,23.9,2.5,5.0,3.0,22.77
70.0,Male,61.5,1.72,197.0,161.0,71.0,1.4,464.0,Strength,17.0,3.0,5.0,2.0,20.22
40.0,Male,81.4,1.73,149.0,130.0,62.0,1.14,793.0,Cardio,23.5,2.8,3.0,3.0,27.69
43.0,Female,83.2,1.71,157.0,137.0,64.0,0.93,367.0,Cardio,29.9,2.8,4.0,2.0,28.48
30.0,Female,43.4,1.53,173.0,140.0,79.0,0.97,467.0,Cardio,21.8,2.1,4.0,3.0,18.82
18.0,Female,77.5,1.56,164.0,140.0,67.0,1.07,476.0,Strength,37.7,2.4,4.0,1.0,32.15
29.0,Female,50.7,1.63,137.0,121.0,72.0,0.57,553.0,Yoga,24.3,1.6,2.0,1.0,19.44
23.0,Male,90.2,1.77,168.0,129.0,67.0,0.93,485.0,HIIT,31.4,1.8,4.0,2.0,28.66
19.0,Female,65.0,1.63,149.0,130.0,76.0,0.87,923.0,Yoga,25.3,2.5,3.0,2.0,24.24
57.0,Male,70.8,1.82,169.0,143.0,72.0,1.22,741.0,Strength,21.5,3.4,6.0,3.0,20.68
39.0,Female,62.3,1.67,143.0,120.0,76.0,0.98,775.0,HIIT,23.7,2.5,4.0,2.0,21.99
41.0,Female,65.6,1.64,143.0,117.0,72.0,0.53,841.0,Cardio,24.8,3.0,2.0,1.0,24.41
32.0,Male,82.7,1.83,165.0,144.0,62.0,1.01,623.0,Cardio,28.2,2.4,3.0,2.0,24.45
34.0,Female,57.9,1.66,138.0,104.0,85.0,0.69,319.0,Yoga,21.5,2.1,2.0,1.0,20.61
48.0,Female,65.1,1.66,150.0,121.0,78.0,0.62,1224.0,Strength,19.2,1.7,2.0,1.0,23.64
36.0,Male,74.1,1.88,180.0,144.0,65.0,0.85,948.0,Cardio,16.7,2.3,4.0,3.0,21.44
42.0,Male,65.1,1.81,130.0,100.0,82.0,0.67,1161.0,Yoga,11.9,1.6,2.0,1.0,19.85
34.0,Male,46.9,1.48,160.0,115.0,68.0,0.57,977.0,Yoga,16.3,1.4,2.0,2.0,21.02
32.0,Female,54.1,1.64,147.0,134.0,82.0,0.66,501.0,Yoga,20.5,1.6,2.0,1.0,20.56
19.0,Male,85.3,1.93,139.0,124.0,82.0,0.81,80.0,Strength,20.4,2.1,2.0,1.0,22.63
18.0,Male,68.6,1.62,141.0,99.0,66.0,0.46,249.0,Yoga,16.8,1.8,1.0,1.0,26.66
33.0,Male,90.1,1.9,157.0,125.0,76.0,0.98,854.0,Cardio,25.6,1.9,2.0,1.0,24.87
37.0,Female,96.2,1.75,160.0,129.0,73.0,0.96,618.0,Strength,26.5,2.6,3.0,2.0,31.45
21.0,Female,47.7,1.7,156.0,125.0,90.0,0.71,514.0,Yoga,19.8,1.4,2.0,1.0,17.05
36.0,Female,62.6,1.58,180.0,147.0,59.0,1.18,80.0,HIIT,26.1,2.8,4.0,2.0,24.6
37.0,Female,52.5,1.5,183.0,153.0,74.0,1.46,653.0,HIIT,28.1,3.2,4.0,3.0,22.97
18.0,Male,89.4,1.82,151.0,131.0,68.0,0.95,304.0,Cardio,24.7,2.9,3.0,2.0,26.88
25.0,Female,75.0,1.66,153.0,118.0,63.0,0.59,414.0,Cardio,32.3,2.3,2.0,1.0,27.17
41.0,Female,59.6,1.6,163.0,130.0,67.0,0.88,922.0,Yoga,24.5,2.4,3.0,2.0,24.21
41.0,Female,73.5,1.73,173.0,134.0,68.0,0.93,321.0,Strength,25.3,2.2,4.0,2.0,24.25
22.0,Male,64.5,1.75,166.0,124.0,61.0,1.03,352.0,Strength,20.1,2.4,4.0,1.0,20.6
38.0,Female,68.8,1.62,172.0,141.0,70.0,1.0,712.0,Strength,31.1,3.2,4.0,2.0,25.89
48.0,Female,47.9,1.69,156.0,138.0,75.0,0.96,931.0,Cardio,22.9,2.6,3.0,2.0,16.85
45.0,Female,66.2,1.57,162.0,120.0,70.0,0.86,520.0,Cardio,29.4,2.4,2.0,1.0,27.03
35.0,Male,85.4,1.87,148.0,128.0,68.0,0.53,1116.0,Yoga,22.2,2.4,2.0,1.0,24.17
30.0,Female,66.0,1.73,165.0,134.0,67.0,0.9,241.0,Strength,24.5,2.5,3.0,2.0,22.06
28.0,Male,65.1,1.66,146.0,120.0,72.0,0.72,182.0,HIIT,22.1,2.2,2.0,1.0,24.31
42.0,Female,70.5,1.74,169.0,144.0,70.0,1.07,160.0,Cardio,31.7,2.3,4.0,2.0,23.3
38.0,Female,84.5,1.73,191.0,157.0,72.0,1.41,129.0,Strength,28.9,2.6,5.0,3.0,28.35
44.0,Female,98.0,1.65,160.0,130.0,74.0,0.65,756.0,Yoga,34.7,2.5,3.0,1.0,36.66
38.0,Female,63.4,1.49,165.0,133.0,58.0,1.03,339.0,Strength,28.5,1.6,3.0,1.0,28.31
46.0,Female,55.1,1.57,149.0,128.0,68.0,0.62,196.0,Yoga,26.0,2.3,2.0,1.0,22.09
37.0,Male,89.0,1.84,164.0,137.0,69.0,0.71,771.0,Strength,16.7,2.2,4.0,1.0,26.12
45.0,Male,90.6,1.83,145.0,123.0,80.0,0.62,911.0,Strength,23.2,1.2,2.0,1.0,26.87
46.0,Female,52.6,1.63,184.0,158.0,73.0,1.23,992.0,Cardio,25.5,2.4,5.0,3.0,19.16
26.0,Female,55.0,1.67,157.0,130.0,84.0,0.49,927.0,Strength,21.2,2.1,3.0,1.0,19.77
18.0,Male,60.5,1.62,204.0,161.0,65.0,1.2,362.0,Yoga,21.0,2.8,5.0,3.0,23.13
55.0,Female,69.9,1.61,158.0,132.0,73.0,0.99,739.0,Yoga,34.9,2.8,3.0,2.0,26.9
39.0,Female,45.5,1.6,141.0,130.0,58.0,0.8,808.0,Strength,22.2,2.8,3.0,2.0,17.86
18.0,Female,57.6,1.65,175.0,136.0,71.0,0.86,498.0,Cardio,17.2,1.8,4.0,2.0,21.25
27.0,Female,72.7,1.67,160.0,128.0,60.0,1.2,705.0,Cardio,23.6,2.6,4.0,2.0,25.61
45.0,Female,63.1,1.64,170.0,143.0,64.0,1.05,252.0,Strength,25.0,3.1,5.0,3.0,23.56
33.0,Male,92.6,1.76,130.0,97.0,92.0,0.62,443.0,Strength,23.5,2.2,3.0,1.0,30.09
30.0,Male,60.1,1.8,141.0,121.0,70.0,0.8,767.0,Cardio,17.1,2.7,4.0,2.0,17.99
53.0,Male,115.7,1.86,182.0,138.0,66.0,0.54,1130.0,Strength,27.9,1.2,3.0,2.0,33.96
23.0,Female,51.0,1.68,157.0,129.0,71.0,0.94,1019.0,Cardio,24.9,2.0,4.0,2.0,17.64
26.0,Female,44.1,1.62,151.0,137.0,68.0,0.5,859.0,HIIT,17.2,2.7,2.0,1.0,16.41
39.0,Female,69.2,1.71,171.0,140.0,61.0,1.06,678.0,Yoga,25.3,2.3,4.0,2.0,23.74
41.0,Female,54.0,1.66,174.0,136.0,83.0,1.17,629.0,Strength,23.3,3.5,3.0,3.0,19.78
42.0,Female,69.5,1.71,150.0,121.0,75.0,1.1,187.0,Strength,27.0,1.9,5.0,2.0,24.04
47.0,Female,65.1,1.66,157.0,136.0,70.0,1.12,385.0,Cardio,26.3,3.2,3.0,1.0,23.82
38.0,Female,65.4,1.68,175.0,155.0,65.0,0.76,395.0,Yoga,18.3,2.2,4.0,2.0,22.99
42.0,Female,53.7,1.61,173.0,152.0,66.0,0.93,837.0,Cardio,23.8,2.8,3.0,2.0,20.75
33.0,Female,66.2,1.61,179.0,139.0,79.0,1.04,955.0,Yoga,27.0,2.3,3.0,2.0,25.43
37.0,Male,69.5,1.75,152.0,125.0,70.0,1.1,887.0,Cardio,22.7,2.5,3.0,2.0,22.75
37.0,Female,78.5,1.69,159.0,144.0,48.0,1.55,1035.0,Cardio,31.2,3.1,5.0,3.0,27.51
39.0,Male,64.8,1.65,140.0,109.0,89.0,0.81,670.0,Yoga,21.8,1.8,2.0,1.0,23.62
45.0,Female,57.4,1.66,160.0,131.0,73.0,0.78,335.0,HIIT,24.6,2.5,2.0,1.0,20.71
43.0,Male,58.6,1.8,158.0,134.0,74.0,1.05,636.0,Cardio,20.5,2.0,2.0,1.0,17.44
37.0,Female,60.3,1.61,158.0,138.0,76.0,0.98,420.0,Strength,29.0,2.5,4.0,2.0,23.55
26.0,Male,59.6,1.74,134.0,115.0,75.0,0.61,856.0,HIIT,18.6,1.0,1.0,1.0,19.79
37.0,Female,50.5,1.64,188.0,151.0,73.0,1.0,538.0,Cardio,28.5,2.3,3.0,3.0,17.97
36.0,Female,71.4,1.66,156.0,126.0,65.0,0.83,617.0,Yoga,25.8,3.0,4.0,2.0,26.19
38.0,Male,51.9,1.71,151.0,119.0,63.0,0.66,869.0,Strength,12.6,2.4,2.0,1.0,17.73
62.0,Female,75.2,1.62,189.0,159.0,66.0,1.03,417.0,Cardio,29.9,3.2,5.0,3.0,28.33
30.0,Female,68.3,1.67,158.0,127.0,78.0,0.89,958.0,Cardio,25.5,2.5,4.0,2.0,24.13
41.0,Male,87.8,1.9,136.0,112.0,67.0,0.63,214.0,Cardio,14.1,2.9,2.0,1.0,24.08
49.0,Female,60.8,1.72,137.0,111.0,67.0,0.79,745.0,Strength,21.5,2.2,2.0,1.0,20.23
37.0,Male,91.8,1.83,169.0,132.0,81.0,0.82,621.0,Yoga,25.0,1.8,2.0,2.0,27.13
64.0,Male,71.6,1.71,176.0,137.0,69.0,0.51,912.0,Strength,21.4,2.5,2.0,1.0,25.08
31.0,Female,53.3,1.56,137.0,119.0,69.0,0.96,209.0,Cardio,22.2,2.5,3.0,2.0,22.03
40.0,Female,64.7,1.64,177.0,151.0,61.0,1.31,166.0,Strength,26.4,3.1,4.0,3.0,24.77
26.0,Female,44.1,1.56,147.0,112.0,72.0,0.69,886.0,Yoga,21.9,1.9,1.0,1.0,18.2
32.0,Male,65.3,1.89,161.0,118.0,61.0,0.41,520.0,Yoga,18.8,2.2,1.0,1.0,18.48
39.0,Female,48.4,1.57,172.0,130.0,64.0,0.88,621.0,Cardio,20.8,3.1,4.0,2.0,19.33
46.0,Female,78.1,1.76,157.0,135.0,70.0,1.13,441.0,Yoga,29.8,2.7,3.0,2.0,25.15
40.0,Female,61.9,1.63,196.0,158.0,66.0,1.32,949.0,Strength,22.4,2.1,5.0,3.0,23.27
51.0,Male,85.4,1.75,160.0,132.0,76.0,0.99,747.0,Yoga,22.8,2.2,2.0,2.0,28.1
35.0,Male,61.1,1.73,170.0,134.0,81.0,1.0,728.0,Strength,23.4,2.1,3.0,2.0,20.4
32.0,Male,70.9,1.63,150.0,116.0,83.0,0.43,270.0,Yoga,20.3,1.8,3.0,1.0,26.81
68.0,Male,70.8,1.76,169.0,151.0,70.0,1.28,816.0,Strength,18.3,1.8,5.0,3.0,22.97
41.0,Male,71.0,1.87,164.0,132.0,67.0,1.18,335.0,Cardio,14.5,3.3,3.0,1.0,20.2
27.0,Female,64.2,1.61,198.0,162.0,60.0,1.45,448.0,Strength,24.3,2.4,4.0,3.0,24.63
28.0,Male,76.8,1.78,130.0,100.0,72.0,0.63,207.0,Yoga,21.8,1.7,2.0,1.0,24.01
25.0,Male,60.4,1.7,196.0,170.0,68.0,1.52,610.0,Cardio,20.8,1.9,5.0,3.0,21.28
47.0,Female,61.6,1.6,152.0,137.0,74.0,0.78,991.0,Yoga,26.2,2.8,3.0,2.0,23.96
32.0,Male,83.1,1.86,157.0,124.0,76.0,0.5,719.0,Yoga,20.2,2.1,3.0,1.0,24.14
38.0,Male,76.4,1.81,173.0,143.0,67.0,1.25,513.0,Strength,16.9,2.3,4.0,2.0,23.27
35.0,Female,57.2,1.6,150.0,129.0,74.0,1.06,686.0,Strength,22.7,2.3,3.0,2.0,22.72
45.0,Female,50.0,1.6,134.0,109.0,81.0,0.61,678.0,Strength,18.0,2.4,3.0,1.0,18.84
26.0,Female,71.5,1.72,155.0,126.0,74.0,0.96,671.0,HIIT,28.6,2.2,3.0,2.0,24.27
23.0,Male,48.8,1.53,158.0,134.0,68.0,0.85,707.0,Strength,21.1,1.6,4.0,2.0,20.41
39.0,Female,57.5,1.67,153.0,125.0,66.0,0.69,315.0,Strength,23.4,1.5,4.0,2.0,20.75
43.0,Male,91.0,1.99,144.0,130.0,62.0,1.0,685.0,HIIT,21.7,1.8,3.0,2.0,22.93
40.0,Female,80.7,1.72,163.0,124.0,67.0,0.65,86.0,Strength,31.5,2.2,3.0,1.0,26.76
26.0,Male,78.1,1.76,130.0,94.0,74.0,0.48,827.0,Cardio,22.5,2.5,3.0,1.0,25.33
44.0,Female,62.2,1.71,169.0,150.0,68.0,1.33,303.0,Cardio,28.2,3.5,4.0,3.0,21.35
27.0,Male,65.8,1.74,156.0,148.0,58.0,0.89,1029.0,Cardio,16.3,1.7,3.0,2.0,21.65
30.0,Female,76.0,1.68,152.0,116.0,68.0,0.5,80.0,Cardio,27.5,2.4,2.0,1.0,26.89
25.0,Female,39.1,1.54,178.0,146.0,66.0,1.48,1192.0,Yoga,18.8,2.5,5.0,3.0,16.54
52.0,Female,57.7,1.48,177.0,147.0,58.0,1.62,133.0,HIIT,30.0,4.1,5.0,3.0,26.75
44.0,Female,49.0,1.68,130.0,88.0,75.0,0.94,261.0,Strength,16.6,2.7,2.0,1.0,17.25
43.0,Female,52.3,1.68,161.0,126.0,66.0,1.07,747.0,Cardio,26.2,3.2,4.0,2.0,18.88
51.0,Male,92.0,2.02,159.0,129.0,67.0,0.61,846.0,Strength,21.7,2.5,1.0,1.0,22.53
70.0,Male,101.1,1.79,174.0,148.0,64.0,1.28,565.0,Strength,32.5,3.0,4.0,3.0,32.01
18.0,Male,98.1,1.8,156.0,131.0,71.0,1.03,937.0,Yoga,26.1,2.3,4.0,2.0,30.2
27.0,Male,71.5,1.64,144.0,113.0,62.0,0.91,393.0,HIIT,21.6,2.2,4.0,2.0,26.35
29.0,Female,73.0,1.68,141.0,102.0,70.0,0.85,518.0,Strength,29.7,1.7,2.0,1.0,25.48
26.0,Male,57.7,1.87,193.0,166.0,67.0,0.98,558.0,HIIT,18.3,3.1,5.0,3.0,16.49
23.0,Male,70.0,1.67,164.0,124.0,67.0,0.61,475.0,Yoga,19.9,2.8,3.0,2.0,24.82
32.0,Female,59.5,1.63,136.0,105.0,60.0,0.77,80.0,Yoga,18.9,1.9,2.0,1.0,22.89
21.0,Male,67.8,1.78,143.0,112.0,61.0,0.52,637.0,Yoga,13.6,1.8,2.0,1.0,21.09
40.0,Female,58.8,1.55,183.0,136.0,65.0,0.93,614.0,Strength,27.4,1.8,4.0,2.0,24.23
37.0,Male,72.0,1.78,147.0,106.0,63.0,0.74,991.0,Strength,24.8,2.2,3.0,1.0,22.93
42.0,Male,81.5,1.75,175.0,134.0,62.0,1.52,244.0,HIIT,19.4,3.4,4.0,3.0,27.03
42.0,Male,44.0,1.63,156.0,134.0,80.0,0.78,445.0,Cardio,14.4,3.0,4.0,1.0,16.82
43.0,Female,86.7,1.87,170.0,124.0,62.0,0.44,1031.0,Strength,25.8,2.7,3.0,1.0,25.16
32.0,Male,70.9,1.83,151.0,124.0,70.0,0.51,740.0,Yoga,24.7,2.3,2.0,1.0,21.14
61.0,Female,55.8,1.56,153.0,127.0,87.0,0.42,822.0,Strength,32.1,2.1,1.0,1.0,22.91
39.0,Male,87.6,1.87,131.0,120.0,71.0,0.75,793.0,Cardio,23.3,3.0,4.0,2.0,25.75
18.0,Female,49.1,1.58,168.0,137.0,65.0,0.82,797.0,Cardio,25.4,2.0,3.0,2.0,20.26
24.0,Male,87.9,1.87,134.0,115.0,71.0,0.84,1230.0,Strength,24.7,1.9,1.0,2.0,25.39
18.0,Male,77.3,1.83,166.0,135.0,71.0,0.92,680.0,Yoga,16.6,3.2,2.0,2.0,23.47
36.0,Female,57.0,1.61,135.0,116.0,84.0,0.65,323.0,Yoga,26.7,1.6,3.0,1.0,22.29
35.0,Female,53.1,1.55,171.0,129.0,64.0,0.83,854.0,HIIT,21.6,2.4,3.0,3.0,21.68
30.0,Male,77.7,1.85,156.0,124.0,59.0,1.39,472.0,HIIT,19.7,3.1,5.0,3.0,22.69
60.0,Female,58.5,1.67,194.0,148.0,58.0,1.25,620.0,HIIT,27.2,2.5,4.0,2.0,21.5
43.0,Female,63.6,1.63,159.0,139.0,69.0,0.84,769.0,Strength,26.4,3.0,4.0,2.0,24.19
45.0,Female,66.0,1.7,161.0,121.0,58.0,1.23,389.0,Strength,28.6,3.1,4.0,2.0,22.82
25.0,Female,62.6,1.68,137.0,123.0,69.0,0.7,484.0,Yoga,28.6,2.3,2.0,1.0,22.71
24.0,Male,100.1,1.81,144.0,114.0,66.0,0.65,798.0,Cardio,21.2,2.7,2.0,1.0,30.68
36.0,Male,85.4,1.81,137.0,114.0,80.0,0.71,471.0,Yoga,16.3,1.7,2.0,1.0,26.33
38.0,Female,61.9,1.66,152.0,128.0,64.0,1.03,962.0,Cardio,28.4,2.4,3.0,2.0,22.59
18.0,Female,70.7,1.7,165.0,141.0,71.0,1.25,339.0,Yoga,30.2,3.5,3.0,2.0,24.65
34.0,Female,57.8,1.7,149.0,128.0,57.0,1.05,334.0,Yoga,23.8,3.3,3.0,2.0,20.21
36.0,Female,59.6,1.66,161.0,143.0,65.0,1.37,1265.0,Strength,25.5,2.2,5.0,2.0,22.08
33.0,Male,68.1,1.71,153.0,129.0,64.0,0.59,158.0,Strength,23.3,2.1,3.0,2.0,23.79
26.0,Female,59.4,1.76,163.0,134.0,65.0,1.1,644.0,Cardio,25.0,2.5,4.0,2.0,19.02
30.0,Male,85.1,1.81,154.0,117.0,87.0,0.51,1238.0,HIIT,21.9,2.3,2.0,1.0,26.1
34.0,Male,51.5,1.51,155.0,125.0,79.0,0.67,638.0,Strength,22.9,2.7,1.0,1.0,23.03
37.0,Male,87.5,1.97,166.0,129.0,67.0,1.4,1085.0,Strength,19.0,3.3,3.0,1.0,22.5
43.0,Male,70.8,1.83,165.0,149.0,86.0,0.91,861.0,HIIT,19.6,2.8,4.0,3.0,20.68
49.0,Female,88.8,1.59,164.0,139.0,62.0,1.0,650.0,Yoga,35.7,3.0,3.0,2.0,34.81
32.0,Female,58.4,1.63,137.0,103.0,80.0,0.69,603.0,Cardio,22.0,2.4,2.0,1.0,21.69
31.0,Female,43.3,1.62,169.0,138.0,57.0,0.94,80.0,Cardio,18.0,2.4,4.0,1.0,16.34
41.0,Male,59.0,1.79,131.0,110.0,70.0,0.62,543.0,Strength,23.4,1.3,3.0,1.0,18.15
43.0,Male,79.3,1.74,198.0,163.0,55.0,1.3,731.0,Yoga,20.3,3.3,5.0,3.0,26.55
31.0,Female,80.8,1.67,165.0,141.0,70.0,0.93,726.0,Strength,31.3,2.7,5.0,2.0,28.88
45.0,Female,66.3,1.74,144.0,122.0,72.0,0.68,1436.0,Yoga,26.3,2.3,3.0,1.0,22.34
48.0,Female,83.9,1.69,134.0,102.0,70.0,0.58,734.0,Cardio,30.3,1.7,3.0,2.0,28.98
52.0,Male,96.6,1.88,145.0,117.0,80.0,0.95,850.0,Strength,25.9,3.0,2.0,1.0,27.21
57.0,Male,75.6,1.83,166.0,142.0,60.0,1.25,1027.0,Cardio,21.1,2.9,4.0,3.0,22.61
26.0,Male,72.6,1.78,160.0,136.0,70.0,1.06,825.0,Strength,17.7,1.9,3.0,3.0,23.2
36.0,Male,86.0,1.87,132.0,113.0,74.0,0.87,620.0,Cardio,23.3,1.9,3.0,1.0,24.99
36.0,Female,74.1,1.65,146.0,121.0,58.0,1.11,625.0,Strength,27.2,2.8,3.0,1.0,27.03
35.0,Male,83.2,1.81,185.0,148.0,63.0,1.08,541.0,Yoga,27.5,2.8,3.0,2.0,25.74
28.0,Male,70.3,1.79,152.0,122.0,72.0,0.71,790.0,Strength,20.8,1.9,2.0,1.0,21.35
18.0,Female,61.6,1.65,186.0,150.0,68.0,1.14,600.0,Strength,23.0,3.0,4.0,3.0,22.93
37.0,Male,113.2,1.88,141.0,109.0,82.0,0.54,845.0,Yoga,28.6,2.4,1.0,1.0,31.56
27.0,Female,67.7,1.65,148.0,125.0,66.0,1.22,329.0,Strength,24.1,2.5,3.0,2.0,25.02
37.0,Male,84.3,1.76,153.0,138.0,66.0,0.86,698.0,Strength,24.5,2.1,3.0,1.0,27.61
26.0,Male,71.5,1.66,154.0,133.0,62.0,1.07,1148.0,HIIT,22.1,2.9,3.0,1.0,26.26
23.0,Male,69.5,1.69,192.0,169.0,66.0,1.15,585.0,HIIT,19.0,3.2,5.0,3.0,23.76
39.0,Male,75.4,1.74,138.0,116.0,70.0,0.8,1237.0,HIIT,19.4,2.4,3.0,1.0,24.75
38.0,Female,81.7,1.73,173.0,137.0,66.0,0.87,703.0,HIIT,36.2,2.1,4.0,3.0,27.55
43.0,Male,100.4,1.92,140.0,104.0,71.0,0.51,626.0,Yoga,24.1,1.5,2.0,1.0,27.48
62.0,Male,82.5,1.82,178.0,132.0,72.0,0.86,687.0,Strength,20.6,2.5,3.0,2.0,25.0
39.0,Male,63.9,1.71,142.0,120.0,68.0,0.57,547.0,Strength,17.7,2.5,2.0,1.0,21.08
42.0,Male,76.8,1.72,155.0,114.0,67.0,0.71,80.0,Yoga,24.2,2.6,3.0,1.0,26.38
23.0,Female,77.7,1.79,154.0,113.0,75.0,0.66,928.0,HIIT,24.5,2.4,3.0,1.0,24.73
21.0,Male,81.6,1.87,147.0,121.0,51.0,0.49,1347.0,Yoga,17.4,1.9,2.0,1.0,23.39
55.0,Male,109.9,1.78,165.0,133.0,68.0,0.65,802.0,Strength,29.6,1.7,3.0,1.0,34.77
25.0,Female,49.7,1.66,175.0,137.0,60.0,0.8,823.0,Cardio,21.3,2.4,5.0,2.0,18.21
23.0,Female,72.3,1.62,175.0,147.0,76.0,1.07,595.0,HIIT,27.8,2.4,3.0,2.0,28.06
36.0,Male,61.3,1.7,151.0,124.0,69.0,0.77,1019.0,Strength,16.3,2.6,3.0,1.0,21.3
35.0,Male,81.9,1.81,152.0,129.0,68.0,0.65,635.0,Strength,20.8,1.9,2.0,1.0,24.93
25.0,Male,131.6,1.96,130.0,112.0,72.0,0.69,732.0,Yoga,28.0,1.9,3.0,1.0,34.39
32.0,Female,49.9,1.57,163.0,134.0,64.0,1.23,152.0,Cardio,21.4,3.4,4.0,2.0,20.24
51.0,Male,64.3,1.72,138.0,116.0,69.0,0.63,477.0,Strength,20.2,2.8,1.0,1.0,21.73
26.0,Female,71.4,1.71,142.0,123.0,73.0,0.51,764.0,Strength,33.2,1.7,2.0,1.0,23.8
19.0,Male,64.4,1.74,157.0,126.0,69.0,0.74,939.0,Cardio,23.0,2.8,1.0,1.0,21.45
47.0,Female,65.5,1.55,153.0,137.0,65.0,0.8,949.0,Yoga,34.6,1.9,2.0,1.0,27.67
42.0,Male,76.1,1.84,161.0,127.0,65.0,0.62,142.0,Yoga,18.3,1.9,3.0,1.0,22.83
29.0,Male,92.3,1.87,162.0,130.0,60.0,0.88,177.0,HIIT,28.1,2.3,5.0,2.0,26.73
18.0,Male,58.4,1.76,170.0,145.0,68.0,0.86,838.0,Strength,17.8,2.4,3.0,2.0,18.83
27.0,Male,52.2,1.75,173.0,146.0,70.0,0.93,413.0,Cardio,18.6,2.7,4.0,3.0,17.1
35.0,Female,61.9,1.64,161.0,143.0,58.0,1.1,939.0,Strength,26.8,2.5,4.0,2.0,23.43
50.0,Male,56.2,1.77,171.0,137.0,73.0,1.14,131.0,HIIT,15.3,2.7,4.0,2.0,18.24
24.0,Male,91.6,1.74,154.0,125.0,77.0,0.79,617.0,Yoga,28.4,1.9,2.0,1.0,30.78
35.0,Female,49.2,1.65,157.0,127.0,75.0,1.02,640.0,Strength,22.9,2.6,3.0,2.0,17.84
44.0,Male,74.3,1.93,170.0,138.0,70.0,0.93,805.0,Cardio,12.7,2.5,4.0,2.0,19.71
18.0,Male,86.4,1.82,144.0,121.0,76.0,0.3,314.0,Strength,22.5,1.5,3.0,1.0,25.97
48.0,Male,72.6,1.83,139.0,123.0,83.0,1.03,80.0,Strength,22.0,2.7,4.0,2.0,21.35
22.0,Male,64.1,1.85,159.0,123.0,70.0,0.31,699.0,Yoga,17.8,2.1,2.0,1.0,18.27
40.0,Female,75.1,1.54,158.0,124.0,61.0,0.68,816.0,Strength,33.7,2.1,3.0,2.0,31.83
39.0,Male,61.5,1.75,156.0,132.0,57.0,0.95,973.0,HIIT,15.8,2.3,2.0,2.0,20.22
49.0,Female,68.3,1.74,185.0,154.0,76.0,1.33,542.0,Cardio,25.8,2.6,5.0,3.0,22.65
43.0,Female,65.8,1.71,185.0,147.0,76.0,1.22,903.0,HIIT,24.7,2.7,4.0,3.0,22.63
18.0,Female,70.7,1.63,174.0,137.0,62.0,1.2,809.0,HIIT,27.7,3.2,4.0,2.0,26.1
27.0,Female,78.6,1.75,160.0,137.0,63.0,1.04,1075.0,Strength,25.5,3.4,4.0,2.0,25.5
38.0,Female,60.0,1.7,144.0,128.0,66.0,0.93,632.0,Cardio,26.4,1.2,3.0,3.0,20.66
34.0,Male,64.9,1.67,141.0,124.0,81.0,0.86,95.0,Strength,21.6,2.3,2.0,1.0,23.29
42.0,Female,62.0,1.64,154.0,128.0,59.0,1.2,631.0,Cardio,26.2,2.9,5.0,2.0,22.54
45.0,Female,74.6,1.67,199.0,159.0,54.0,1.05,683.0,Cardio,34.5,2.4,3.0,2.0,26.42
43.0,Female,50.7,1.59,139.0,117.0,87.0,0.53,811.0,Yoga,24.5,2.5,1.0,1.0,19.9
33.0,Male,106.6,1.82,130.0,106.0,74.0,0.57,154.0,Cardio,31.3,2.8,3.0,1.0,32.55
18.0,Female,58.6,1.67,149.0,126.0,71.0,0.75,548.0,Cardio,24.6,1.8,3.0,3.0,21.1
31.0,Female,57.3,1.53,153.0,129.0,71.0,0.64,926.0,Cardio,25.5,2.2,1.0,1.0,24.84
41.0,Male,61.5,1.75,142.0,114.0,75.0,0.49,611.0,Yoga,14.9,3.0,3.0,2.0,20.04
23.0,Female,52.0,1.63,130.0,104.0,61.0,0.6,547.0,Strength,23.4,1.5,2.0,1.0,19.57
44.0,Male,60.5,1.69,164.0,127.0,66.0,0.69,1258.0,Strength,11.0,2.0,2.0,2.0,21.36
47.0,Female,48.1,1.52,141.0,114.0,73.0,0.35,301.0,Cardio,24.5,1.9,2.0,1.0,20.76
38.0,Female,58.6,1.62,191.0,143.0,52.0,0.78,1045.0,Yoga,25.8,2.9,4.0,2.0,22.11
18.0,Female,54.5,1.62,146.0,127.0,70.0,0.57,974.0,Yoga,23.0,2.6,2.0,1.0,20.25
21.0,Male,83.2,1.77,180.0,139.0,65.0,0.96,580.0,Cardio,23.0,2.5,2.0,2.0,26.35
59.0,Female,55.3,1.65,205.0,178.0,62.0,1.22,648.0,HIIT,19.5,2.8,5.0,3.0,20.6
29.0,Male,72.2,1.85,130.0,101.0,68.0,0.61,633.0,Yoga,23.0,1.3,2.0,1.0,21.54
18.0,Female,66.5,1.7,135.0,110.0,65.0,0.54,703.0,Yoga,24.4,2.7,3.0,1.0,22.74
51.0,Male,87.7,1.78,154.0,133.0,55.0,0.75,459.0,Strength,21.2,2.3,4.0,2.0,27.07
36.0,Female,70.6,1.67,162.0,141.0,73.0,0.57,512.0,Yoga,28.9,2.0,3.0,1.0,25.64
49.0,Female,64.1,1.63,164.0,136.0,70.0,0.62,535.0,Yoga,26.6,2.5,2.0,1.0,24.15
39.0,Female,52.2,1.71,195.0,167.0,54.0,1.24,554.0,Cardio,20.2,2.9,4.0,3.0,17.38
42.0,Male,60.1,1.78,161.0,146.0,64.0,1.31,556.0,Cardio,15.8,3.3,5.0,3.0,17.88
40.0,Female,48.1,1.59,175.0,129.0,66.0,1.03,80.0,Strength,22.2,2.7,3.0,2.0,18.69
44.0,Male,106.4,1.9,136.0,110.0,69.0,0.75,678.0,Yoga,29.6,2.2,3.0,2.0,29.31
63.0,Male,87.7,1.84,157.0,128.0,53.0,0.87,481.0,HIIT,24.1,2.6,3.0,2.0,25.5
48.0,Male,71.4,1.86,174.0,151.0,73.0,0.73,80.0,Strength,18.4,1.9,3.0,2.0,20.88
18.0,Female,68.5,1.75,142.0,116.0,63.0,0.84,536.0,Cardio,27.4,2.0,2.0,1.0,22.08
41.0,Male,69.5,1.83,160.0,135.0,68.0,1.03,530.0,Strength,18.7,2.9,4.0,2.0,20.76
50.0,Male,67.0,1.78,154.0,126.0,66.0,0.51,1054.0,Cardio,20.1,1.7,2.0,2.0,21.98
50.0,Male,90.8,1.86,130.0,101.0,69.0,0.69,472.0,Cardio,23.5,1.8,2.0,1.0,26.29
31.0,Male,79.8,1.87,171.0,137.0,76.0,1.13,866.0,Strength,22.0,2.1,4.0,1.0,22.78
50.0,Male,108.5,1.83,137.0,107.0,76.0,0.91,1090.0,Strength,26.6,2.2,2.0,1.0,32.37
47.0,Male,80.6,1.66,149.0,115.0,80.0,0.69,446.0,Strength,22.0,2.7,1.0,1.0,29.48
67.0,Male,84.4,1.71,158.0,130.0,70.0,1.13,637.0,Strength,27.8,2.7,3.0,2.0,29.05
27.0,Female,67.0,1.61,178.0,148.0,67.0,1.11,1207.0,HIIT,32.2,1.8,5.0,3.0,25.5
30.0,Male,75.5,1.84,164.0,138.0,56.0,0.96,725.0,Strength,16.6,2.7,3.0,2.0,22.16
32.0,Female,68.7,1.62,174.0,138.0,66.0,0.92,771.0,Strength,28.5,2.3,2.0,2.0,25.94
30.0,Male,76.8,1.87,183.0,152.0,62.0,1.34,526.0,HIIT,18.2,3.0,5.0,3.0,21.86
25.0,Male,109.6,1.89,149.0,122.0,81.0,0.89,869.0,Yoga,29.2,2.0,2.0,1.0,31.32
18.0,Female,65.8,1.59,135.0,109.0,68.0,0.69,633.0,Yoga,28.6,1.7,2.0,1.0,26.24
31.0,Female,74.6,1.71,152.0,125.0,74.0,0.51,80.0,Yoga,37.4,2.1,2.0,1.0,25.48
40.0,Female,64.8,1.61,144.0,116.0,74.0,0.46,531.0,HIIT,26.1,1.9,1.0,1.0,25.43
30.0,Male,101.1,1.82,159.0,131.0,76.0,1.22,274.0,Yoga,31.0,2.6,4.0,2.0,30.59
59.0,Female,49.4,1.61,134.0,110.0,71.0,0.73,682.0,Yoga,27.1,1.7,3.0,1.0,18.48
36.0,Male,84.1,1.65,168.0,134.0,74.0,1.04,358.0,Cardio,28.3,1.9,4.0,2.0,31.47
51.0,Male,73.7,1.76,172.0,137.0,60.0,0.6,801.0,Cardio,21.1,2.4,3.0,1.0,23.74
39.0,Male,68.4,1.89,159.0,117.0,61.0,0.69,661.0,Strength,17.6,2.6,3.0,1.0,18.36
46.0,Female,59.8,1.71,166.0,143.0,48.0,1.14,254.0,HIIT,23.4,3.1,4.0,3.0,19.89
39.0,Male,68.6,1.94,160.0,127.0,78.0,0.71,491.0,Yoga,20.0,1.8,2.0,1.0,18.62
52.0,Female,74.4,1.66,130.0,113.0,77.0,0.47,843.0,Strength,26.0,1.8,2.0,1.0,26.45
37.0,Male,80.6,1.98,156.0,121.0,78.0,0.6,1014.0,Strength,18.0,1.8,3.0,1.0,21.03
42.0,Female,72.6,1.72,146.0,130.0,63.0,0.87,361.0,Strength,25.8,2.9,4.0,2.0,24.57
40.0,Female,73.1,1.61,169.0,149.0,64.0,0.48,298.0,Cardio,24.4,2.1,3.0,2.0,28.45
33.0,Female,58.1,1.65,161.0,130.0,67.0,0.92,1274.0,Cardio,26.7,2.8,3.0,2.0,21.25
41.0,Male,82.1,1.87,155.0,132.0,82.0,0.52,644.0,Yoga,24.0,2.4,2.0,1.0,23.66
63.0,Female,52.6,1.64,130.0,108.0,84.0,0.62,674.0,Yoga,20.7,2.7,3.0,1.0,19.67
33.0,Male,67.1,1.73,157.0,133.0,74.0,0.97,414.0,Yoga,23.0,2.9,2.0,2.0,22.41
41.0,Male,119.0,1.88,184.0,150.0,70.0,1.24,724.0,Cardio,24.2,2.7,2.0,2.0,33.3
51.0,Male,93.9,1.87,159.0,138.0,77.0,1.02,1201.0,Strength,23.6,1.8,4.0,2.0,26.98
50.0,Female,60.8,1.63,187.0,159.0,66.0,1.02,736.0,HIIT,24.9,2.7,2.0,2.0,22.25
36.0,Female,61.6,1.69,158.0,133.0,65.0,1.04,992.0,Yoga,24.5,2.5,4.0,3.0,21.89
18.0,Female,65.5,1.64,156.0,121.0,71.0,0.78,657.0,HIIT,26.7,1.9,3.0,1.0,24.42
42.0,Female,57.7,1.52,172.0,137.0,65.0,0.72,321.0,Cardio,26.8,2.7,3.0,1.0,25.14
18.0,Male,75.5,1.84,134.0,121.0,67.0,1.01,431.0,Yoga,18.7,2.4,3.0,2.0,21.38
54.0,Female,62.9,1.54,138.0,102.0,64.0,0.76,288.0,Yoga,27.9,1.9,2.0,1.0,26.13
38.0,Female,56.6,1.67,151.0,128.0,75.0,0.61,717.0,Cardio,27.3,3.0,4.0,1.0,20.12
48.0,Female,57.9,1.69,174.0,144.0,72.0,1.28,1046.0,Yoga,21.5,2.3,3.0,2.0,20.51
25.0,Male,86.6,1.85,140.0,120.0,78.0,1.21,703.0,Strength,29.0,2.2,4.0,2.0,24.97
18.0,Female,47.7,1.59,191.0,160.0,53.0,1.32,558.0,HIIT,20.2,2.3,5.0,3.0,19.76
39.0,Male,91.3,1.85,189.0,141.0,81.0,0.76,398.0,HIIT,24.1,2.1,3.0,2.0,26.58
36.0,Female,61.0,1.62,203.0,174.0,53.0,1.47,774.0,HIIT,27.3,2.5,5.0,3.0,22.89
30.0,Male,63.8,1.94,170.0,146.0,60.0,0.87,255.0,Cardio,14.7,2.7,3.0,3.0,16.89
37.0,Male,82.9,1.87,184.0,158.0,60.0,1.37,294.0,Cardio,25.1,2.3,5.0,2.0,23.37
69.0,Female,52.9,1.71,148.0,132.0,81.0,0.46,935.0,Cardio,23.1,1.3,2.0,1.0,17.68
46.0,Female,78.5,1.72,181.0,141.0,70.0,1.3,566.0,Strength,27.6,2.6,4.0,2.0,26.89
49.0,Female,59.5,1.61,162.0,131.0,66.0,0.75,554.0,Cardio,29.5,2.2,3.0,2.0,23.13
46.0,Female,94.4,1.73,130.0,107.0,66.0,0.66,591.0,Strength,29.2,2.1,2.0,1.0,31.72
54.0,Female,75.0,1.62,132.0,112.0,62.0,0.33,876.0,Strength,28.2,2.7,2.0,1.0,29.02
34.0,Male,63.8,1.82,182.0,154.0,72.0,1.28,709.0,HIIT,19.1,2.8,4.0,3.0,19.43
18.0,Male,52.3,1.78,173.0,138.0,74.0,0.91,413.0,Strength,17.6,3.1,4.0,2.0,16.13
34.0,Female,57.5,1.63,130.0,97.0,81.0,0.82,419.0,Strength,25.3,2.1,3.0,1.0,21.89
46.0,Male,62.2,1.77,153.0,116.0,75.0,0.59,583.0,Strength,17.5,2.6,2.0,2.0,19.46
24.0,Female,83.5,1.63,145.0,118.0,54.0,0.82,745.0,Yoga,31.4,1.9,2.0,1.0,31.26
34.0,Male,90.2,1.92,144.0,123.0,63.0,0.5,635.0,Yoga,25.0,2.1,2.0,1.0,24.45
28.0,Female,70.5,1.62,194.0,170.0,67.0,1.25,618.0,HIIT,29.2,2.4,4.0,3.0,26.81
54.0,Male,74.2,1.78,162.0,120.0,69.0,0.61,661.0,Yoga,18.1,1.7,2.0,2.0,22.79
45.0,Male,69.6,1.71,130.0,109.0,68.0,0.72,634.0,Strength,18.3,2.0,2.0,1.0,23.46
44.0,Female,61.6,1.61,140.0,118.0,60.0,1.03,400.0,Cardio,30.6,1.9,4.0,2.0,23.76
43.0,Female,72.6,1.59,161.0,125.0,79.0,0.76,1003.0,Cardio,27.8,2.2,2.0,1.0,28.5
36.0,Female,66.6,1.61,139.0,109.0,75.0,0.69,491.0,Cardio,28.4,2.0,3.0,1.0,26.09
38.0,Male,64.4,1.8,167.0,145.0,72.0,1.07,695.0,Yoga,22.0,2.6,3.0,2.0,20.33
22.0,Male,100.7,1.83,186.0,150.0,64.0,0.84,80.0,Strength,27.7,1.9,3.0,2.0,29.68
18.0,Male,69.5,1.77,175.0,139.0,65.0,1.35,586.0,HIIT,17.5,3.1,6.0,3.0,22.2
38.0,Male,73.4,1.82,173.0,142.0,59.0,1.21,302.0,Yoga,16.7,3.2,2.0,2.0,22.71
40.0,Male,54.1,1.81,172.0,149.0,67.0,0.72,338.0,Strength,20.8,3.1,3.0,2.0,16.47
51.0,Female,79.7,1.74,170.0,146.0,50.0,1.04,1428.0,Strength,24.9,3.3,3.0,2.0,26.18
55.0,Male,75.9,1.79,163.0,133.0,53.0,1.39,734.0,Yoga,19.3,2.8,5.0,3.0,23.99
55.0,Male,80.4,1.82,145.0,127.0,66.0,1.19,1044.0,HIIT,22.5,2.3,3.0,3.0,24.18
24.0,Female,52.3,1.55,180.0,141.0,81.0,1.4,929.0,HIIT,23.8,3.0,5.0,3.0,22.21
32.0,Male,67.3,1.76,183.0,141.0,55.0,0.99,967.0,Cardio,21.1,2.3,4.0,2.0,21.52
42.0,Female,60.3,1.66,184.0,158.0,55.0,1.35,593.0,Strength,20.1,2.0,4.0,2.0,21.72
66.0,Female,75.0,1.69,130.0,91.0,74.0,0.54,1156.0,HIIT,27.4,2.5,2.0,1.0,26.54
54.0,Male,74.3,1.68,170.0,133.0,80.0,0.91,921.0,Cardio,25.1,2.3,3.0,2.0,26.36
49.0,Female,62.8,1.63,170.0,126.0,73.0,0.45,659.0,HIIT,27.9,1.4,3.0,1.0,23.67
31.0,Female,85.2,1.76,177.0,137.0,73.0,1.19,737.0,Yoga,27.3,2.2,5.0,1.0,26.84
25.0,Female,62.7,1.63,151.0,137.0,66.0,1.04,608.0,Yoga,22.8,2.4,4.0,2.0,23.48
45.0,Male,73.2,1.85,175.0,150.0,60.0,1.15,671.0,Cardio,19.7,2.8,4.0,3.0,21.69
23.0,Male,80.6,1.83,175.0,143.0,65.0,1.33,641.0,HIIT,17.3,2.8,5.0,3.0,23.79
33.0,Female,47.7,1.57,142.0,118.0,67.0,0.82,770.0,Yoga,26.3,2.7,2.0,1.0,19.6
35.0,Female,65.8,1.63,179.0,137.0,73.0,1.12,1209.0,Strength,27.3,1.9,3.0,3.0,24.86
55.0,Female,48.5,1.64,183.0,142.0,57.0,0.83,265.0,Cardio,19.3,2.4,4.0,1.0,17.96
32.0,Male,63.8,1.76,146.0,125.0,78.0,0.3,1010.0,HIIT,15.3,1.7,1.0,1.0,21.07
18.0,Female,42.0,1.58,146.0,119.0,72.0,0.71,529.0,Cardio,18.6,2.7,3.0,1.0,16.71
42.0,Male,64.9,1.65,151.0,129.0,70.0,0.52,1053.0,Cardio,16.4,1.8,2.0,1.0,23.74
28.0,Male,85.7,1.69,158.0,132.0,56.0,1.06,545.0,Cardio,27.5,2.3,3.0,2.0,29.93
37.0,Female,70.2,1.73,148.0,122.0,61.0,1.11,783.0,Cardio,23.4,2.9,4.0,3.0,23.48
35.0,Male,87.2,1.84,195.0,159.0,72.0,1.46,607.0,Cardio,23.8,3.4,4.0,3.0,26.02
33.0,Male,106.4,1.8,158.0,137.0,67.0,1.23,100.0,Yoga,29.9,3.1,4.0,2.0,32.32
45.0,Male,83.2,1.83,166.0,159.0,66.0,1.48,1215.0,HIIT,24.8,2.1,5.0,3.0,25.15
18.0,Female,56.0,1.61,130.0,105.0,66.0,0.91,345.0,Strength,25.0,2.3,2.0,1.0,21.63
30.0,Male,59.3,1.66,174.0,154.0,68.0,1.18,682.0,Strength,22.6,2.6,2.0,2.0,21.71
44.0,Male,82.1,1.83,148.0,125.0,62.0,0.87,312.0,Yoga,25.8,2.1,3.0,1.0,25.35
29.0,Male,52.3,1.56,162.0,133.0,69.0,0.96,223.0,Cardio,20.0,2.5,3.0,1.0,21.31
18.0,Male,77.0,1.88,146.0,127.0,71.0,0.78,583.0,Cardio,20.4,3.0,3.0,2.0,21.36
44.0,Female,71.9,1.63,183.0,165.0,66.0,1.66,470.0,Strength,27.0,3.3,5.0,3.0,27.13
49.0,Male,95.1,1.85,146.0,125.0,62.0,0.98,276.0,HIIT,21.3,2.9,3.0,3.0,27.91
35.0,Male,53.3,1.71,160.0,141.0,70.0,0.83,639.0,Yoga,20.4,2.2,1.0,1.0,18.53
18.0,Female,52.1,1.56,136.0,112.0,76.0,0.57,171.0,Yoga,25.9,3.1,2.0,1.0,21.22
44.0,Female,56.0,1.57,158.0,135.0,71.0,0.79,690.0,Yoga,27.2,1.9,2.0,1.0,22.43
18.0,Female,68.5,1.6,150.0,116.0,70.0,0.3,603.0,Strength,26.6,1.4,3.0,1.0,26.22
40.0,Male,95.6,1.84,172.0,152.0,81.0,0.91,80.0,Yoga,29.5,2.3,4.0,2.0,27.76
25.0,Female,77.9,1.51,154.0,129.0,61.0,0.96,483.0,Cardio,33.6,2.5,5.0,1.0,34.02
22.0,Male,72.5,1.81,160.0,136.0,76.0,1.04,802.0,Cardio,17.3,3.0,3.0,2.0,22.09
31.0,Female,60.6,1.67,196.0,162.0,56.0,1.45,318.0,Cardio,22.7,2.6,4.0,3.0,22.45
34.0,Female,69.4,1.63,170.0,143.0,73.0,0.81,815.0,Cardio,32.6,2.7,3.0,2.0,25.53
28.0,Male,62.3,1.71,183.0,147.0,73.0,1.07,792.0,HIIT,15.7,1.8,5.0,2.0,21.42
43.0,Female,66.8,1.67,132.0,113.0,68.0,0.83,322.0,Yoga,23.9,2.6,3.0,1.0,23.7
31.0,Male,63.2,1.66,147.0,119.0,63.0,1.0,646.0,Yoga,29.0,2.1,2.0,1.0,23.01
48.0,Female,37.6,1.51,171.0,148.0,54.0,1.08,918.0,Strength,23.0,2.3,5.0,2.0,16.3
39.0,Male,72.8,1.75,165.0,147.0,60.0,1.22,374.0,Cardio,18.8,3.8,6.0,3.0,24.13
28.0,Female,59.4,1.58,151.0,124.0,76.0,0.46,580.0,Yoga,22.8,2.6,1.0,2.0,24.15
26.0,Male,104.8,1.91,176.0,134.0,60.0,1.24,1021.0,Cardio,20.0,2.0,3.0,2.0,28.69
18.0,Male,74.9,1.77,159.0,138.0,69.0,1.08,378.0,Cardio,21.4,2.4,3.0,1.0,24.41
39.0,Female,60.4,1.75,146.0,119.0,62.0,0.65,794.0,Strength,25.0,3.3,2.0,1.0,19.99
32.0,Female,64.0,1.65,130.0,110.0,70.0,0.41,298.0,Yoga,30.4,3.0,2.0,1.0,24.0
18.0,Female,47.1,1.69,167.0,151.0,56.0,1.15,603.0,Strength,14.5,3.2,5.0,3.0,16.48
30.0,Male,60.5,1.77,159.0,137.0,67.0,1.06,795.0,Strength,13.5,1.6,3.0,2.0,19.64
25.0,Male,86.2,1.79,141.0,117.0,68.0,0.7,80.0,Cardio,23.2,2.7,2.0,1.0,26.63
55.0,Female,60.9,1.65,195.0,170.0,56.0,1.0,485.0,Cardio,33.3,2.5,6.0,3.0,22.06
18.0,Female,84.8,1.74,154.0,128.0,67.0,0.74,786.0,Strength,32.1,2.7,2.0,2.0,28.77
19.0,Male,52.9,1.79,172.0,157.0,57.0,1.05,727.0,Cardio,16.3,2.5,5.0,3.0,16.13
49.0,Male,73.0,1.76,133.0,110.0,63.0,0.85,480.0,Strength,17.2,2.3,2.0,1.0,23.41
52.0,Male,70.0,1.78,160.0,128.0,76.0,1.0,297.0,Yoga,13.3,2.2,4.0,1.0,21.43
27.0,Female,75.7,1.64,155.0,138.0,69.0,0.58,850.0,Yoga,29.6,1.9,1.0,1.0,27.85
28.0,Male,85.7,1.78,133.0,108.0,57.0,0.8,543.0,Yoga,23.3,2.4,2.0,1.0,26.7
43.0,Male,78.8,1.75,185.0,155.0,60.0,1.34,831.0,Yoga,21.8,2.2,5.0,3.0,25.5
18.0,Female,74.8,1.57,144.0,122.0,78.0,0.85,770.0,Yoga,30.1,3.2,3.0,1.0,30.45
18.0,Female,62.9,1.65,146.0,115.0,67.0,0.66,503.0,Cardio,23.2,1.6,2.0,2.0,23.29
33.0,Female,82.5,1.67,130.0,108.0,82.0,0.67,989.0,Yoga,27.7,1.6,2.0,1.0,29.23
55.0,Male,59.0,1.72,163.0,128.0,62.0,0.93,460.0,Yoga,22.1,2.7,3.0,3.0,19.67
31.0,Female,53.2,1.64,162.0,131.0,72.0,1.01,1032.0,Yoga,20.2,3.0,4.0,2.0,20.16
37.0,Male,81.0,1.76,175.0,147.0,71.0,1.54,1080.0,Strength,22.1,2.7,5.0,3.0,26.75
50.0,Male,63.6,1.84,168.0,131.0,75.0,0.57,984.0,Yoga,16.9,1.6,2.0,1.0,19.23
61.0,Male,66.6,1.58,143.0,118.0,62.0,0.75,590.0,Yoga,25.5,1.7,2.0,2.0,26.1
29.0,Male,83.3,1.83,136.0,113.0,65.0,0.52,1460.0,Yoga,19.4,1.6,3.0,2.0,25.29
36.0,Female,74.3,1.63,176.0,137.0,76.0,0.66,698.0,HIIT,32.3,2.6,3.0,2.0,28.61
58.0,Male,69.9,1.74,204.0,161.0,58.0,1.32,734.0,Strength,18.7,2.8,4.0,3.0,22.49
18.0,Female,64.1,1.63,155.0,133.0,75.0,1.03,644.0,Strength,25.8,2.6,4.0,2.0,24.5
48.0,Male,78.2,1.74,172.0,145.0,65.0,0.95,291.0,Strength,27.6,2.6,3.0,1.0,25.91
24.0,Male,57.0,1.61,141.0,105.0,73.0,0.43,1058.0,Yoga,16.7,2.5,3.0,1.0,21.88
37.0,Male,70.6,1.85,193.0,166.0,54.0,1.34,475.0,Cardio,20.7,2.6,5.0,3.0,20.67
33.0,Male,83.3,1.8,169.0,136.0,64.0,1.01,946.0,Strength,25.6,2.1,3.0,1.0,25.87
25.0,Female,64.0,1.62,152.0,118.0,66.0,0.52,1017.0,Cardio,27.4,2.2,2.0,1.0,24.79
24.0,Male,66.3,1.7,135.0,111.0,74.0,0.45,837.0,Cardio,20.0,2.1,3.0,1.0,23.33
39.0,Male,66.6,1.66,137.0,106.0,73.0,0.61,423.0,Strength,27.7,2.2,3.0,1.0,23.64
48.0,Male,99.0,1.8,130.0,101.0,75.0,0.75,536.0,Yoga,26.4,1.8,3.0,1.0,30.33
34.0,Female,57.7,1.59,130.0,110.0,69.0,0.71,80.0,Strength,25.9,2.4,2.0,1.0,22.86
37.0,Female,67.7,1.75,162.0,142.0,61.0,0.84,614.0,Strength,23.7,1.9,3.0,3.0,22.66
43.0,Male,48.6,1.67,149.0,126.0,69.0,0.99,907.0,Cardio,16.4,2.3,4.0,2.0,16.47
24.0,Female,69.5,1.69,138.0,103.0,65.0,0.78,570.0,Yoga,29.4,2.6,3.0,1.0,24.12
45.0,Male,85.5,1.78,145.0,109.0,80.0,0.47,455.0,Strength,22.8,1.6,3.0,1.0,26.45
46.0,Male,90.6,1.85,184.0,150.0,63.0,1.3,560.0,Strength,16.9,3.3,5.0,3.0,25.99
67.0,Male,81.4,1.83,165.0,133.0,66.0,1.17,1041.0,Strength,23.0,1.8,4.0,2.0,24.65
31.0,Female,66.1,1.55,166.0,135.0,71.0,0.78,632.0,Strength,25.8,1.7,4.0,1.0,27.33
31.0,Male,90.4,1.82,158.0,128.0,71.0,0.82,1244.0,Yoga,26.0,1.4,2.0,1.0,26.47
45.0,Female,67.0,1.56,197.0,166.0,52.0,1.53,477.0,Cardio,29.0,2.9,5.0,3.0,27.48
46.0,Female,79.7,1.68,170.0,138.0,65.0,0.62,718.0,Strength,32.4,2.4,2.0,1.0,28.95
30.0,Male,94.4,1.76,130.0,102.0,79.0,0.6,506.0,Yoga,23.5,2.7,2.0,1.0,29.84
31.0,Female,63.9,1.68,167.0,145.0,65.0,1.44,1320.0,Yoga,23.5,3.3,4.0,3.0,22.83
42.0,Female,53.2,1.68,163.0,143.0,56.0,0.94,709.0,Cardio,21.1,2.8,3.0,2.0,19.4
26.0,Female,66.0,1.58,168.0,131.0,70.0,0.62,1329.0,Strength,23.7,2.1,2.0,1.0,26.42
31.0,Male,91.0,1.84,186.0,145.0,64.0,0.96,518.0,Cardio,26.8,2.1,4.0,2.0,27.55
37.0,Male,94.6,1.78,149.0,138.0,62.0,1.04,1141.0,Strength,21.0,2.8,3.0,3.0,29.63
48.0,Female,76.1,1.61,175.0,134.0,64.0,0.76,687.0,Strength,33.8,2.7,3.0,1.0,29.86
29.0,Female,69.9,1.48,157.0,128.0,79.0,0.52,914.0,Strength,33.8,1.6,3.0,1.0,32.34
18.0,Male,92.9,1.86,165.0,129.0,58.0,0.61,257.0,Yoga,22.9,2.7,3.0,1.0,26.84
18.0,Female,63.3,1.58,146.0,114.0,66.0,0.8,759.0,Strength,28.3,1.2,3.0,1.0,24.84
21.0,Male,63.1,1.87,193.0,153.0,65.0,1.28,314.0,Cardio,17.4,3.0,4.0,3.0,17.69
20.0,Male,80.4,1.77,145.0,115.0,83.0,0.42,727.0,Yoga,21.3,2.1,1.0,1.0,24.84
34.0,Male,68.3,1.77,138.0,121.0,72.0,1.16,165.0,Cardio,20.3,2.4,4.0,2.0,22.01
22.0,Male,66.4,1.64,178.0,151.0,62.0,0.94,623.0,Strength,24.0,2.5,4.0,3.0,24.85
28.0,Male,75.5,1.77,175.0,143.0,79.0,1.13,1004.0,Yoga,18.5,2.1,5.0,2.0,24.13
27.0,Male,88.1,1.83,141.0,115.0,63.0,0.44,820.0,Cardio,24.1,2.3,3.0,1.0,26.26
31.0,Female,58.7,1.58,182.0,149.0,70.0,0.95,258.0,Cardio,17.9,2.5,2.0,2.0,23.99
52.0,Female,73.1,1.65,175.0,148.0,67.0,1.37,80.0,Strength,22.7,3.2,5.0,3.0,26.95
44.0,Male,52.9,1.79,141.0,118.0,62.0,0.96,808.0,Cardio,16.9,3.2,4.0,2.0,16.32
36.0,Female,66.2,1.64,165.0,146.0,73.0,0.79,1157.0,Yoga,25.4,2.5,4.0,2.0,24.66
30.0,Male,95.4,1.85,166.0,141.0,60.0,0.93,343.0,HIIT,21.7,2.4,6.0,3.0,28.59
31.0,Male,79.4,1.6,164.0,134.0,73.0,1.2,1324.0,Strength,26.6,1.9,4.0,2.0,31.23
40.0,Male,89.4,1.81,132.0,120.0,59.0,0.69,645.0,Cardio,22.6,2.9,2.0,1.0,27.15
43.0,Female,98.2,1.8,162.0,140.0,70.0,1.15,80.0,Strength,28.3,3.2,3.0,2.0,30.29
25.0,Female,70.1,1.67,138.0,126.0,69.0,0.79,149.0,Yoga,22.2,2.5,3.0,1.0,25.3
36.0,Male,78.3,1.81,165.0,142.0,76.0,1.06,899.0,Cardio,15.2,2.5,3.0,2.0,23.75
18.0,Female,75.8,1.73,197.0,159.0,64.0,1.24,698.0,Yoga,29.5,3.2,6.0,3.0,25.15
39.0,Male,71.5,1.73,147.0,128.0,77.0,1.04,1125.0,Yoga,19.8,3.0,2.0,2.0,23.89
45.0,Male,66.7,1.76,155.0,121.0,76.0,0.86,265.0,Yoga,22.1,1.8,3.0,1.0,22.06
33.0,Male,74.7,1.82,154.0,103.0,71.0,0.66,683.0,Strength,18.7,2.1,2.0,1.0,22.83
58.0,Male,56.4,1.72,205.0,170.0,70.0,1.58,662.0,Yoga,18.3,2.3,5.0,3.0,18.92
25.0,Female,70.4,1.63,133.0,104.0,78.0,0.43,597.0,Strength,27.8,2.0,2.0,1.0,26.8
39.0,Female,66.8,1.65,150.0,115.0,75.0,0.41,522.0,Yoga,26.8,2.8,1.0,1.0,24.54
36.0,Male,73.3,1.78,130.0,105.0,56.0,0.8,530.0,Strength,20.8,2.6,2.0,1.0,23.26
35.0,Female,60.1,1.64,130.0,111.0,65.0,0.53,701.0,Cardio,23.5,2.2,2.0,1.0,22.43
35.0,Female,66.1,1.6,164.0,136.0,78.0,1.28,751.0,Strength,24.0,1.2,4.0,2.0,25.08
37.0,Female,78.6,1.71,162.0,131.0,59.0,1.17,733.0,Cardio,30.8,2.2,3.0,2.0,25.81
46.0,Female,59.8,1.72,166.0,129.0,78.0,0.89,1036.0,Strength,27.9,2.1,2.0,1.0,20.29
53.0,Male,67.1,1.85,143.0,120.0,77.0,0.78,263.0,Yoga,22.7,2.0,1.0,1.0,19.31
36.0,Female,79.4,1.68,143.0,113.0,67.0,0.51,80.0,Cardio,27.8,2.1,3.0,1.0,27.56
46.0,Male,66.0,1.85,146.0,117.0,58.0,0.4,970.0,Cardio,15.2,2.2,1.0,1.0,19.0
28.0,Female,75.9,1.69,157.0,130.0,68.0,0.87,348.0,Cardio,26.6,1.9,4.0,1.0,26.9
45.0,Male,88.9,1.72,172.0,145.0,83.0,0.75,529.0,HIIT,25.5,2.4,3.0,3.0,30.18
27.0,Female,92.8,1.74,130.0,107.0,66.0,0.89,451.0,Strength,31.4,2.0,1.0,1.0,30.92
49.0,Male,77.1,1.68,141.0,111.0,66.0,0.75,444.0,Strength,20.8,1.8,2.0,1.0,27.48
63.0,Female,63.7,1.53,153.0,123.0,65.0,0.64,180.0,Yoga,24.3,2.9,2.0,1.0,26.89
35.0,Male,103.6,1.77,146.0,122.0,81.0,0.72,465.0,HIIT,28.6,1.9,2.0,1.0,33.34
18.0,Female,42.2,1.6,140.0,107.0,70.0,0.72,854.0,Strength,9.6,1.1,2.0,1.0,16.69
29.0,Female,62.7,1.66,161.0,125.0,68.0,0.62,646.0,Yoga,24.9,2.9,2.0,1.0,22.71
51.0,Female,72.2,1.65,178.0,145.0,74.0,1.5,818.0,HIIT,25.4,2.4,4.0,2.0,26.54
43.0,Male,71.9,1.76,151.0,131.0,76.0,0.86,491.0,Strength,22.9,2.5,1.0,1.0,23.49
39.0,Male,100.1,1.87,170.0,141.0,62.0,0.99,941.0,HIIT,28.0,2.1,4.0,2.0,28.36
48.0,Female,58.5,1.57,146.0,125.0,59.0,0.88,487.0,Cardio,29.2,2.7,4.0,2.0,24.11
42.0,Female,62.4,1.58,142.0,113.0,80.0,0.85,80.0,Cardio,26.0,2.1,2.0,1.0,25.19
51.0,Male,75.2,1.79,134.0,113.0,72.0,0.35,745.0,Strength,17.4,2.6,2.0,1.0,23.47
47.0,Male,72.6,1.82,176.0,138.0,57.0,1.04,898.0,Strength,17.1,2.4,3.0,3.0,22.45
54.0,Female,53.1,1.56,168.0,134.0,56.0,1.08,473.0,Cardio,25.3,2.2,4.0,2.0,21.37
40.0,Male,83.6,1.81,144.0,107.0,64.0,0.53,1028.0,Yoga,17.5,2.2,2.0,1.0,25.36
47.0,Male,72.2,1.83,140.0,104.0,63.0,0.8,374.0,Yoga,23.4,1.9,2.0,1.0,21.32
32.0,Male,95.2,1.84,149.0,123.0,58.0,0.65,862.0,HIIT,23.5,1.2,2.0,1.0,28.24
29.0,Female,77.1,1.71,164.0,139.0,60.0,0.89,1209.0,HIIT,29.6,2.2,4.0,1.0,26.78
56.0,Female,76.4,1.65,179.0,137.0,62.0,1.11,664.0,HIIT,24.1,3.7,3.0,2.0,27.72
39.0,Female,59.8,1.72,148.0,121.0,69.0,0.49,573.0,Yoga,20.4,1.3,3.0,1.0,21.37
46.0,Male,50.3,1.67,130.0,112.0,84.0,0.78,613.0,Yoga,10.7,2.2,2.0,1.0,17.8
37.0,Female,63.4,1.65,192.0,156.0,62.0,0.99,1175.0,HIIT,28.7,2.7,6.0,3.0,23.41
29.0,Male,115.1,1.8,172.0,143.0,71.0,0.69,779.0,Yoga,29.9,2.9,2.0,1.0,35.53
36.0,Male,92.0,1.79,188.0,148.0,72.0,0.98,1339.0,Strength,26.7,2.0,5.0,2.0,28.73
53.0,Male,53.7,1.57,163.0,133.0,66.0,0.89,740.0,Strength,19.6,2.5,4.0,3.0,21.51
43.0,Female,68.5,1.62,141.0,113.0,75.0,0.71,437.0,Cardio,29.3,2.4,2.0,1.0,26.47
18.0,Female,77.9,1.69,130.0,89.0,74.0,0.64,456.0,Strength,27.8,2.0,2.0,1.0,26.98
33.0,Female,48.8,1.59,145.0,129.0,73.0,0.81,669.0,Yoga,21.8,1.8,2.0,1.0,18.68
57.0,Male,78.5,1.66,185.0,162.0,83.0,1.37,80.0,Cardio,24.5,2.8,5.0,3.0,28.09
33.0,Male,70.6,1.72,134.0,113.0,78.0,0.72,495.0,Yoga,22.3,2.0,2.0,1.0,24.37
18.0,Female,70.6,1.71,130.0,104.0,64.0,0.69,500.0,Strength,27.6,2.0,2.0,2.0,24.58
59.0,Male,80.6,1.81,141.0,106.0,75.0,0.58,721.0,Strength,30.1,2.5,3.0,1.0,23.9
44.0,Female,89.4,1.76,146.0,122.0,66.0,0.6,1268.0,Strength,35.1,2.3,2.0,1.0,29.15
35.0,Female,51.8,1.57,170.0,135.0,71.0,1.01,669.0,Strength,18.5,2.7,4.0,2.0,20.32
32.0,Female,43.3,1.55,156.0,125.0,62.0,0.62,80.0,Yoga,21.0,2.2,2.0,1.0,18.01
49.0,Male,85.1,1.84,170.0,137.0,60.0,1.14,360.0,Yoga,20.9,2.9,4.0,2.0,24.71
29.0,Female,39.6,1.55,170.0,146.0,70.0,0.98,736.0,HIIT,24.0,3.0,4.0,1.0,16.79
50.0,Female,54.7,1.55,162.0,140.0,75.0,1.03,682.0,Strength,24.3,2.3,4.0,2.0,22.96
43.0,Male,86.8,1.73,155.0,126.0,76.0,0.44,1166.0,Strength,26.6,2.5,3.0,1.0,29.34
39.0,Male,82.6,1.8,168.0,133.0,70.0,1.43,962.0,Strength,15.4,2.2,5.0,2.0,25.39
38.0,Female,73.1,1.62,152.0,124.0,71.0,0.88,947.0,HIIT,24.7,1.4,3.0,3.0,27.79
34.0,Female,70.5,1.62,136.0,114.0,73.0,0.49,575.0,Cardio,34.8,2.9,3.0,1.0,26.34
49.0,Male,100.1,1.74,165.0,147.0,64.0,1.22,1006.0,Yoga,28.6,2.3,3.0,2.0,32.7
26.0,Female,66.0,1.77,203.0,173.0,70.0,1.39,372.0,Cardio,20.9,2.9,5.0,2.0,21.4
18.0,Female,66.6,1.6,140.0,116.0,79.0,0.8,957.0,Strength,28.5,1.5,2.0,1.0,26.14
43.0,Male,74.8,1.86,175.0,148.0,64.0,1.36,565.0,HIIT,16.1,2.2,4.0,3.0,21.66
44.0,Female,80.5,1.71,142.0,116.0,67.0,0.96,185.0,HIIT,28.2,2.1,3.0,2.0,27.97
42.0,Male,81.9,1.86,169.0,145.0,79.0,0.93,842.0,Cardio,16.6,2.7,4.0,2.0,23.22
41.0,Female,95.6,1.79,178.0,148.0,64.0,1.41,1103.0,HIIT,28.5,2.6,5.0,3.0,30.09
32.0,Female,58.3,1.61,180.0,148.0,73.0,0.82,521.0,Strength,23.7,1.9,2.0,1.0,22.08
45.0,Female,85.5,1.71,173.0,129.0,71.0,0.96,1150.0,Strength,33.8,2.1,4.0,2.0,29.76
35.0,Female,80.1,1.73,173.0,139.0,71.0,0.96,122.0,Strength,29.8,2.6,2.0,1.0,26.95
30.0,Female,61.6,1.61,184.0,143.0,62.0,0.94,269.0,Cardio,27.9,2.8,3.0,2.0,24.1
32.0,Female,66.5,1.6,147.0,126.0,71.0,0.76,601.0,Strength,27.7,2.2,4.0,2.0,25.73
60.0,Male,81.7,1.79,135.0,120.0,72.0,0.39,526.0,Strength,24.9,2.4,2.0,1.0,26.26
18.0,Male,80.1,1.76,154.0,126.0,85.0,0.4,432.0,Yoga,20.1,2.0,2.0,1.0,26.56
42.0,Female,57.0,1.55,151.0,116.0,78.0,0.59,689.0,Yoga,23.8,1.9,3.0,1.0,23.88
18.0,Male,77.2,1.88,160.0,126.0,68.0,0.62,478.0,Cardio,20.7,2.1,2.0,1.0,22.25
35.0,Male,68.7,1.72,164.0,126.0,77.0,0.75,533.0,Yoga,19.7,2.4,2.0,1.0,23.12
31.0,Male,56.1,1.76,132.0,124.0,74.0,0.65,736.0,Cardio,16.4,1.7,2.0,1.0,17.67
18.0,Female,73.6,1.63,156.0,118.0,81.0,0.78,434.0,Yoga,28.7,2.3,3.0,1.0,27.98
41.0,Female,53.3,1.64,137.0,106.0,68.0,0.66,611.0,Strength,26.6,3.2,3.0,2.0,19.5
31.0,Female,54.0,1.53,151.0,135.0,69.0,0.97,445.0,HIIT,29.4,2.5,4.0,2.0,23.53
18.0,Female,65.0,1.57,172.0,138.0,67.0,0.88,265.0,Cardio,26.2,2.5,4.0,3.0,26.74
46.0,Female,71.1,1.62,146.0,117.0,68.0,1.18,895.0,Cardio,23.4,2.4,3.0,2.0,27.17
53.0,Male,49.5,1.67,151.0,120.0,66.0,0.42,1191.0,Yoga,14.1,2.3,3.0,1.0,17.81
54.0,Male,65.6,1.69,189.0,153.0,68.0,1.34,997.0,Strength,17.7,2.1,5.0,3.0,23.31
40.0,Female,73.3,1.69,154.0,123.0,71.0,0.94,756.0,Cardio,30.0,3.2,4.0,2.0,25.76
37.0,Female,80.9,1.81,131.0,115.0,81.0,0.77,442.0,Cardio,29.5,2.5,1.0,1.0,24.55
52.0,Female,80.6,1.65,142.0,115.0,72.0,0.65,554.0,Cardio,27.6,1.8,2.0,1.0,29.08
56.0,Female,62.2,1.73,170.0,155.0,65.0,0.97,992.0,Cardio,21.4,2.5,3.0,2.0,21.12
50.0,Male,57.8,1.86,153.0,120.0,78.0,0.61,80.0,Yoga,10.9,1.8,3.0,1.0,16.84
25.0,Female,63.2,1.53,185.0,146.0,62.0,1.18,538.0,Strength,29.0,2.6,3.0,2.0,27.96
38.0,Male,65.9,1.76,171.0,153.0,72.0,1.29,891.0,HIIT,18.9,2.8,5.0,3.0,21.24
41.0,Male,49.1,1.66,130.0,99.0,80.0,0.95,282.0,Strength,18.6,2.2,3.0,1.0,17.92
18.0,Male,80.9,1.84,146.0,125.0,81.0,0.69,783.0,Cardio,22.6,1.6,2.0,1.0,24.01
42.0,Male,92.7,1.82,171.0,147.0,67.0,1.29,776.0,Cardio,26.2,2.6,4.0,3.0,28.21
63.0,Male,67.5,1.88,164.0,133.0,65.0,0.95,185.0,HIIT,12.7,3.0,4.0,2.0,18.76
44.0,Female,104.6,1.77,131.0,107.0,73.0,0.73,674.0,Cardio,31.8,1.9,3.0,1.0,33.36
54.0,Female,52.1,1.61,188.0,155.0,67.0,1.2,458.0,Strength,25.9,1.6,5.0,3.0,20.39
38.0,Male,75.7,1.79,202.0,165.0,60.0,1.31,791.0,HIIT,19.3,2.7,5.0,2.0,23.51
35.0,Female,56.3,1.71,182.0,145.0,77.0,0.97,867.0,Strength,17.5,3.5,4.0,2.0,19.53
41.0,Male,66.3,1.66,171.0,152.0,72.0,1.02,781.0,Strength,23.7,2.8,4.0,2.0,24.09
26.0,Female,71.8,1.73,174.0,135.0,66.0,0.7,672.0,Cardio,24.5,1.8,1.0,1.0,24.13
24.0,Female,48.2,1.6,138.0,98.0,85.0,0.71,737.0,Yoga,25.3,2.1,4.0,1.0,19.23
51.0,Female,89.8,1.61,164.0,124.0,69.0,0.98,274.0,Strength,34.7,2.8,5.0,2.0,34.56
52.0,Male,58.6,1.61,130.0,100.0,64.0,0.89,636.0,Strength,19.3,1.3,2.0,1.0,22.1
24.0,Female,62.9,1.69,164.0,142.0,62.0,1.03,398.0,HIIT,28.7,2.1,4.0,2.0,21.93
48.0,Female,79.7,1.7,149.0,129.0,78.0,1.36,984.0,Yoga,25.2,2.6,3.0,2.0,27.29
35.0,Female,84.4,1.64,132.0,113.0,85.0,0.66,865.0,Strength,36.4,2.8,2.0,1.0,30.64
40.0,Male,92.3,1.81,162.0,134.0,75.0,1.11,870.0,Strength,22.6,2.3,3.0,2.0,28.14
42.0,Male,75.0,1.94,157.0,122.0,81.0,0.54,1194.0,Yoga,18.4,2.8,2.0,2.0,20.0
48.0,Female,66.4,1.66,177.0,139.0,73.0,1.5,550.0,HIIT,26.8,2.5,5.0,3.0,24.45
37.0,Male,60.0,1.86,130.0,105.0,76.0,0.54,468.0,Strength,14.6,1.0,2.0,1.0,16.94
53.0,Female,65.7,1.55,164.0,136.0,70.0,1.04,539.0,Cardio,26.6,2.8,5.0,2.0,27.38
40.0,Male,53.5,1.74,175.0,148.0,72.0,0.93,140.0,Cardio,15.0,2.7,4.0,3.0,18.07
43.0,Female,58.4,1.65,141.0,118.0,77.0,0.72,160.0,HIIT,21.1,2.4,1.0,1.0,21.25
26.0,Male,62.7,1.62,162.0,128.0,63.0,0.93,849.0,Cardio,27.0,2.8,5.0,2.0,24.08
62.0,Male,90.4,1.88,146.0,115.0,73.0,0.85,201.0,Yoga,21.0,2.5,3.0,2.0,26.14
42.0,Male,68.6,1.73,175.0,146.0,78.0,0.93,308.0,Cardio,23.8,2.3,3.0,2.0,22.27
45.0,Female,93.0,1.77,160.0,129.0,67.0,1.2,620.0,Cardio,33.8,2.4,4.0,2.0,29.78
18.0,Male,74.4,1.69,176.0,143.0,62.0,1.36,523.0,Strength,23.9,2.6,5.0,3.0,26.46
26.0,Male,83.5,1.76,134.0,101.0,75.0,0.46,926.0,Strength,23.2,1.9,1.0,1.0,26.83
51.0,Female,50.5,1.62,143.0,122.0,63.0,1.13,670.0,Cardio,23.0,1.6,3.0,2.0,19.73
39.0,Male,117.7,1.95,143.0,108.0,63.0,0.52,389.0,Yoga,28.5,1.6,1.0,2.0,31.18
18.0,Male,56.8,1.65,164.0,134.0,76.0,1.08,963.0,Strength,19.0,2.4,4.0,1.0,21.48
48.0,Female,85.1,1.67,149.0,124.0,65.0,1.05,884.0,Strength,26.7,1.4,4.0,3.0,30.72
29.0,Male,93.0,1.7,150.0,120.0,72.0,0.74,196.0,Yoga,22.3,1.2,1.0,1.0,32.83
53.0,Female,71.1,1.64,147.0,116.0,68.0,0.93,729.0,Cardio,32.7,1.9,3.0,1.0,26.54
35.0,Male,88.2,1.8,205.0,176.0,73.0,1.17,429.0,Strength,15.9,2.7,5.0,3.0,26.74
38.0,Female,39.1,1.54,130.0,101.0,78.0,0.74,408.0,Cardio,20.8,2.0,2.0,1.0,16.27
50.0,Female,74.2,1.79,177.0,138.0,66.0,1.16,1251.0,Cardio,24.8,1.4,2.0,1.0,23.51
25.0,Male,86.9,1.74,148.0,120.0,64.0,0.55,686.0,Yoga,25.4,2.8,2.0,1.0,29.05
24.0,Male,97.8,1.91,168.0,144.0,62.0,1.18,584.0,Cardio,20.0,2.2,4.0,3.0,26.7
34.0,Male,65.8,1.82,143.0,119.0,76.0,0.61,674.0,Yoga,18.9,1.7,3.0,1.0,20.5
46.0,Male,78.3,1.83,146.0,126.0,73.0,0.7,928.0,Yoga,21.3,1.5,2.0,1.0,23.26
20.0,Female,47.1,1.69,169.0,155.0,65.0,1.08,430.0,Cardio,28.5,3.4,4.0,3.0,16.65
18.0,Female,62.9,1.59,201.0,168.0,65.0,1.37,488.0,Strength,27.3,3.0,5.0,3.0,25.03
46.0,Female,53.7,1.76,140.0,96.0,77.0,0.44,852.0,Cardio,24.9,1.9,1.0,1.0,16.87
29.0,Female,77.7,1.66,143.0,128.0,68.0,1.16,167.0,Cardio,25.1,2.2,4.0,3.0,28.16
31.0,Male,75.4,1.63,171.0,151.0,71.0,1.05,971.0,Yoga,27.8,2.5,3.0,2.0,29.21
18.0,Male,65.8,1.75,197.0,163.0,57.0,1.58,146.0,Strength,19.9,2.2,4.0,3.0,21.16
28.0,Male,74.7,1.68,151.0,123.0,90.0,0.75,569.0,Cardio,24.0,2.3,2.0,1.0,26.69
36.0,Female,71.5,1.76,183.0,148.0,66.0,0.92,141.0,Strength,26.3,2.2,5.0,2.0,22.68
47.0,Female,66.8,1.64,144.0,117.0,69.0,0.85,310.0,Cardio,32.0,2.7,5.0,2.0,24.51
27.0,Male,57.8,1.72,167.0,144.0,72.0,1.01,1068.0,Yoga,18.4,2.7,3.0,2.0,19.04
56.0,Female,68.1,1.61,173.0,147.0,65.0,0.97,987.0,HIIT,25.7,2.2,3.0,3.0,26.6
28.0,Female,51.0,1.7,138.0,129.0,68.0,1.15,1020.0,Strength,19.3,1.5,4.0,3.0,17.34
28.0,Female,49.5,1.68,163.0,144.0,72.0,0.51,185.0,Strength,23.5,2.0,3.0,1.0,17.98
54.0,Female,57.0,1.58,192.0,156.0,58.0,1.59,322.0,Cardio,26.6,2.1,3.0,3.0,22.65
39.0,Female,62.0,1.66,170.0,132.0,67.0,1.48,764.0,Strength,20.4,2.8,5.0,3.0,22.54
29.0,Male,65.4,1.62,179.0,140.0,56.0,0.94,880.0,Cardio,23.5,2.3,3.0,2.0,25.06
34.0,Female,55.7,1.59,143.0,111.0,84.0,0.92,392.0,Yoga,21.4,1.8,1.0,1.0,21.47
52.0,Male,109.6,1.86,140.0,130.0,78.0,0.53,462.0,Yoga,28.6,1.5,1.0,1.0,31.75
54.0,Male,67.5,1.66,164.0,141.0,72.0,1.0,290.0,Yoga,19.2,3.0,3.0,3.0,24.62
26.0,Male,82.2,1.8,151.0,112.0,60.0,0.46,1175.0,Strength,21.5,1.9,2.0,2.0,25.77
35.0,Female,65.5,1.65,205.0,169.0,58.0,1.57,508.0,HIIT,24.6,3.9,5.0,3.0,23.72
37.0,Female,76.1,1.64,166.0,127.0,82.0,0.4,656.0,Yoga,34.2,2.1,2.0,1.0,28.01
24.0,Female,68.5,1.62,154.0,128.0,92.0,0.75,675.0,Cardio,29.1,2.6,4.0,1.0,26.33
35.0,Female,68.8,1.66,170.0,152.0,72.0,1.19,1009.0,HIIT,30.8,2.8,5.0,2.0,25.46
36.0,Female,69.9,1.6,151.0,123.0,79.0,0.85,344.0,Yoga,37.5,2.3,2.0,1.0,27.1
50.0,Male,49.0,1.67,142.0,114.0,76.0,0.79,1021.0,Yoga,16.2,2.6,2.0,1.0,17.14
50.0,Female,41.1,1.55,174.0,133.0,62.0,0.99,242.0,Strength,25.2,2.9,4.0,3.0,17.0
32.0,Female,61.2,1.61,166.0,136.0,75.0,1.12,1026.0,Yoga,23.8,1.7,4.0,3.0,23.26
33.0,Female,61.6,1.61,135.0,107.0,64.0,0.63,96.0,Cardio,29.8,2.5,2.0,1.0,23.9
44.0,Male,89.3,1.85,143.0,114.0,60.0,1.03,616.0,Strength,20.5,2.7,3.0,2.0,25.71
29.0,Male,77.4,1.82,187.0,156.0,55.0,1.54,1178.0,Cardio,20.6,2.8,5.0,3.0,23.71
43.0,Male,77.2,1.72,149.0,116.0,75.0,0.93,872.0,Cardio,24.5,3.2,4.0,3.0,26.17
35.0,Male,63.3,1.79,130.0,108.0,72.0,0.54,779.0,Yoga,19.9,2.9,3.0,1.0,20.11
24.0,Male,88.3,1.9,130.0,100.0,73.0,0.72,309.0,Cardio,17.7,2.5,2.0,1.0,23.61
25.0,Male,56.7,1.71,141.0,102.0,72.0,0.76,410.0,Strength,14.9,1.9,2.0,1.0,18.78
53.0,Female,78.6,1.74,137.0,122.0,64.0,0.67,1077.0,Yoga,29.6,1.6,3.0,1.0,26.41
34.0,Male,53.8,1.76,157.0,116.0,67.0,0.8,799.0,Strength,14.8,2.4,2.0,1.0,17.12
56.0,Male,79.0,1.77,146.0,133.0,64.0,0.94,936.0,Strength,18.0,3.1,3.0,2.0,24.7
30.0,Female,43.7,1.52,130.0,105.0,62.0,0.67,669.0,HIIT,21.9,1.2,3.0,2.0,18.84
39.0,Male,78.0,1.89,183.0,147.0,60.0,1.35,565.0,Cardio,19.1,3.3,4.0,2.0,21.92
65.0,Female,70.5,1.59,150.0,122.0,64.0,0.69,893.0,Cardio,29.9,2.0,4.0,1.0,27.83
23.0,Male,87.7,1.86,134.0,117.0,76.0,0.89,731.0,HIIT,23.9,1.3,2.0,1.0,25.51
18.0,Female,41.3,1.53,175.0,144.0,73.0,1.03,598.0,Strength,22.5,2.7,4.0,2.0,17.76
51.0,Male,62.1,1.73,193.0,164.0,55.0,1.24,204.0,HIIT,16.3,3.2,5.0,3.0,20.85
26.0,Male,66.4,1.88,141.0,115.0,70.0,0.73,952.0,Strength,15.8,1.9,2.0,1.0,19.26
36.0,Female,49.8,1.66,130.0,99.0,85.0,0.8,786.0,Yoga,24.2,1.6,2.0,1.0,18.07
29.0,Female,60.7,1.56,138.0,110.0,65.0,0.77,453.0,HIIT,25.3,2.9,3.0,1.0,24.93
39.0,Female,65.8,1.59,158.0,135.0,71.0,1.08,1029.0,Strength,26.6,2.1,3.0,2.0,26.31
25.0,Female,76.5,1.73,175.0,128.0,69.0,0.75,727.0,Cardio,22.9,3.0,3.0,2.0,25.75
34.0,Male,84.9,1.78,133.0,107.0,80.0,0.3,727.0,Strength,23.3,1.4,3.0,1.0,26.48
41.0,Male,73.2,1.73,144.0,119.0,74.0,0.84,931.0,Yoga,22.6,2.3,2.0,1.0,24.43
24.0,Female,70.8,1.76,184.0,160.0,65.0,1.04,869.0,Strength,19.4,2.6,3.0,2.0,23.01
28.0,Female,49.2,1.6,191.0,149.0,64.0,1.29,749.0,Strength,19.2,3.2,4.0,3.0,19.01
32.0,Male,80.2,1.9,151.0,136.0,69.0,1.07,592.0,Yoga,15.5,3.1,5.0,1.0,22.03
19.0,Female,45.4,1.55,154.0,123.0,67.0,1.26,1287.0,Cardio,24.5,2.1,3.0,2.0,18.41
31.0,Male,67.5,1.78,156.0,130.0,63.0,0.86,415.0,Yoga,13.3,2.3,4.0,1.0,20.3
37.0,Female,65.2,1.62,144.0,127.0,81.0,0.79,887.0,HIIT,26.6,1.5,2.0,1.0,24.71
31.0,Female,60.0,1.58,147.0,126.0,79.0,0.52,620.0,Yoga,28.4,1.5,2.0,1.0,24.08
33.0,Male,110.1,1.76,181.0,150.0,61.0,0.86,798.0,Strength,31.0,2.2,4.0,2.0,35.16
36.0,Female,53.8,1.72,171.0,150.0,62.0,0.93,1047.0,Strength,20.2,3.0,6.0,3.0,18.67
28.0,Male,78.1,1.85,181.0,151.0,62.0,1.39,557.0,Strength,21.3,3.6,3.0,3.0,22.45
44.0,Female,49.9,1.67,205.0,171.0,56.0,1.46,852.0,Cardio,24.4,3.6,5.0,2.0,18.21
53.0,Male,68.4,1.77,189.0,160.0,51.0,1.47,743.0,Strength,19.1,2.6,5.0,3.0,21.98
30.0,Male,69.6,1.78,148.0,132.0,59.0,1.39,449.0,Cardio,12.9,2.9,5.0,3.0,22.73
42.0,Male,94.8,1.85,144.0,123.0,70.0,0.63,1050.0,Strength,27.6,2.5,2.0,1.0,27.89
33.0,Female,65.1,1.69,138.0,112.0,62.0,0.57,873.0,Yoga,26.4,2.4,2.0,1.0,22.29
40.0,Male,87.6,1.92,152.0,127.0,73.0,0.53,508.0,Strength,20.9,2.0,2.0,1.0,24.13
55.0,Male,69.8,1.77,169.0,140.0,76.0,0.95,1005.0,Strength,13.9,2.5,3.0,2.0,22.87
42.0,Female,45.5,1.54,131.0,101.0,78.0,0.5,377.0,Yoga,21.4,2.1,1.0,1.0,18.57
18.0,Female,57.6,1.64,181.0,139.0,67.0,1.23,644.0,Cardio,21.5,2.4,4.0,2.0,21.64
41.0,Male,62.6,1.67,166.0,138.0,55.0,0.77,513.0,Yoga,16.3,2.3,4.0,2.0,22.75
51.0,Female,67.4,1.67,159.0,140.0,73.0,0.94,892.0,Strength,25.9,2.4,3.0,3.0,24.09
33.0,Male,80.6,1.74,161.0,124.0,73.0,0.36,491.0,Strength,21.7,1.9,3.0,1.0,25.77
48.0,Male,82.6,1.87,171.0,133.0,75.0,0.69,891.0,Strength,19.5,1.6,3.0,1.0,23.52
28.0,Female,64.9,1.66,152.0,122.0,86.0,0.65,837.0,Cardio,28.1,2.5,3.0,2.0,23.35
18.0,Male,50.7,1.74,180.0,154.0,58.0,1.24,536.0,HIIT,16.2,3.0,5.0,2.0,17.28
38.0,Male,91.7,1.88,180.0,147.0,48.0,0.83,1237.0,Cardio,21.3,3.3,4.0,2.0,25.91
18.0,Female,55.1,1.61,184.0,158.0,61.0,0.97,415.0,Strength,22.1,2.6,4.0,2.0,21.11
33.0,Male,96.6,1.88,139.0,127.0,75.0,0.57,196.0,Yoga,22.5,1.9,3.0,1.0,27.13
51.0,Female,64.6,1.48,153.0,120.0,72.0,0.63,921.0,Yoga,29.9,1.8,3.0,1.0,29.61
18.0,Female,59.4,1.58,157.0,122.0,63.0,0.94,80.0,Cardio,27.8,2.1,2.0,1.0,23.81
21.0,Male,74.5,1.93,179.0,139.0,58.0,1.0,1129.0,Strength,14.9,2.7,3.0,3.0,19.72
24.0,Female,70.5,1.72,158.0,136.0,66.0,1.05,684.0,Strength,30.4,2.3,4.0,2.0,23.92
35.0,Male,80.0,1.76,170.0,140.0,63.0,0.58,192.0,Strength,24.4,1.4,3.0,1.0,25.63
32.0,Female,64.6,1.71,177.0,147.0,68.0,1.17,351.0,HIIT,16.5,2.5,5.0,3.0,21.18
53.0,Female,62.4,1.67,159.0,130.0,69.0,0.65,125.0,Strength,25.1,2.1,2.0,2.0,22.61
47.0,Female,72.7,1.69,182.0,153.0,60.0,1.67,781.0,Strength,30.5,3.1,6.0,3.0,25.65
42.0,Male,85.5,1.8,131.0,103.0,67.0,0.61,220.0,Cardio,24.3,1.4,2.0,1.0,26.46
38.0,Male,79.3,1.85,146.0,116.0,74.0,0.7,807.0,Yoga,19.3,2.2,2.0,1.0,23.02
41.0,Male,50.3,1.69,165.0,131.0,68.0,0.85,552.0,HIIT,15.9,2.5,3.0,2.0,17.59
26.0,Male,83.1,1.78,162.0,124.0,73.0,0.3,492.0,Yoga,23.5,1.9,2.0,2.0,26.51
46.0,Male,61.6,1.69,141.0,119.0,73.0,0.53,809.0,Cardio,21.6,1.8,3.0,1.0,21.35
23.0,Male,73.2,1.7,135.0,108.0,71.0,1.01,848.0,Cardio,18.0,1.8,3.0,1.0,25.63
46.0,Male,75.0,1.73,158.0,133.0,65.0,0.74,1016.0,Yoga,20.2,2.2,2.0,1.0,24.54
50.0,Male,55.4,1.82,170.0,147.0,63.0,1.22,452.0,Cardio,20.3,3.0,4.0,1.0,16.78
39.0,Male,72.3,1.75,185.0,170.0,61.0,1.24,648.0,Strength,21.0,3.3,5.0,3.0,23.62
34.0,Male,75.6,1.73,184.0,156.0,78.0,0.94,450.0,Strength,26.8,2.3,4.0,3.0,25.61
41.0,Female,75.1,1.67,150.0,118.0,63.0,0.48,697.0,Yoga,37.5,2.0,4.0,1.0,26.61
18.0,Male,69.5,1.69,170.0,143.0,65.0,1.03,404.0,Cardio,20.0,1.5,4.0,1.0,24.05
40.0,Male,55.7,1.81,140.0,112.0,73.0,0.69,510.0,Yoga,12.0,2.1,2.0,1.0,16.51
35.0,Female,72.4,1.57,150.0,119.0,70.0,0.65,513.0,Strength,29.7,2.4,2.0,1.0,29.17
35.0,Female,74.4,1.69,155.0,116.0,80.0,0.57,740.0,HIIT,31.1,2.8,2.0,1.0,26.14
44.0,Male,58.0,1.76,164.0,139.0,62.0,1.43,656.0,HIIT,20.7,2.0,4.0,3.0,18.09
35.0,Female,62.9,1.76,174.0,155.0,62.0,1.21,817.0,Strength,30.1,2.3,5.0,3.0,20.15
22.0,Female,71.6,1.7,159.0,132.0,74.0,1.02,617.0,Strength,26.7,2.5,4.0,1.0,24.99
34.0,Female,63.6,1.55,177.0,134.0,81.0,1.0,466.0,Yoga,29.7,1.7,3.0,3.0,26.44
37.0,Female,60.7,1.66,159.0,140.0,78.0,0.91,712.0,Strength,22.5,2.5,3.0,2.0,22.05
37.0,Male,84.7,1.77,182.0,149.0,67.0,0.84,358.0,HIIT,16.1,2.7,5.0,2.0,26.51
38.0,Male,53.5,1.77,165.0,128.0,68.0,0.91,832.0,HIIT,15.6,1.9,4.0,2.0,17.04
48.0,Male,69.5,1.84,130.0,115.0,72.0,0.93,557.0,Yoga,15.0,2.2,2.0,1.0,20.54
23.0,Male,60.8,1.91,141.0,110.0,73.0,0.82,712.0,Yoga,17.3,1.6,2.0,1.0,16.61
38.0,Male,73.0,1.86,143.0,110.0,66.0,0.8,717.0,Yoga,13.2,2.7,1.0,1.0,21.15
51.0,Female,96.2,1.82,174.0,148.0,71.0,1.17,1167.0,Cardio,28.0,2.9,5.0,3.0,28.93
18.0,Male,106.2,1.83,157.0,134.0,69.0,0.75,771.0,Yoga,28.2,2.2,3.0,2.0,31.55
38.0,Female,60.4,1.58,183.0,160.0,64.0,1.45,681.0,Strength,27.5,2.2,5.0,3.0,23.83
29.0,Female,66.8,1.74,146.0,121.0,63.0,0.79,426.0,Yoga,24.5,2.3,3.0,1.0,22.4
32.0,Male,65.9,1.69,151.0,125.0,68.0,0.99,907.0,Strength,26.0,3.1,4.0,2.0,22.64
25.0,Male,85.2,1.8,155.0,131.0,59.0,0.59,561.0,Cardio,27.7,1.8,3.0,1.0,26.35
34.0,Female,50.5,1.65,152.0,127.0,68.0,0.43,158.0,Cardio,19.8,1.9,3.0,1.0,19.18
58.0,Male,78.9,1.88,147.0,109.0,68.0,0.78,584.0,Strength,24.7,1.8,2.0,1.0,22.71
21.0,Female,85.5,1.69,148.0,130.0,74.0,0.83,711.0,Yoga,36.2,2.8,3.0,1.0,30.11
22.0,Female,54.5,1.68,171.0,157.0,77.0,1.19,394.0,HIIT,22.1,1.9,5.0,3.0,19.4
20.0,Female,56.8,1.62,154.0,116.0,76.0,0.54,608.0,Yoga,24.5,2.7,1.0,2.0,21.6
57.0,Female,72.5,1.74,166.0,140.0,78.0,1.16,630.0,Cardio,26.0,2.3,3.0,2.0,23.63
30.0,Male,90.2,1.9,161.0,136.0,73.0,0.87,633.0,Yoga,20.0,2.4,3.0,3.0,24.9
36.0,Female,63.9,1.7,150.0,123.0,80.0,0.92,1044.0,Cardio,23.1,1.9,2.0,1.0,22.31
31.0,Male,73.2,1.74,168.0,138.0,81.0,0.95,232.0,Yoga,25.3,2.6,3.0,2.0,24.31
25.0,Female,65.2,1.56,139.0,115.0,67.0,0.59,1297.0,Cardio,29.8,1.8,3.0,1.0,27.07
33.0,Male,81.7,1.63,166.0,134.0,58.0,1.3,643.0,Yoga,24.9,3.3,5.0,3.0,31.18
65.0,Male,66.1,1.68,161.0,141.0,73.0,0.91,837.0,Cardio,18.0,2.9,4.0,2.0,23.36
53.0,Male,76.1,1.79,158.0,132.0,68.0,1.14,693.0,Cardio,18.7,2.0,5.0,3.0,23.82
26.0,Female,80.9,1.65,154.0,144.0,70.0,1.1,101.0,Yoga,30.3,2.8,2.0,2.0,29.05
44.0,Male,67.9,1.74,160.0,123.0,70.0,0.81,310.0,Cardio,22.7,1.9,1.0,2.0,23.22
26.0,Male,66.6,1.91,178.0,151.0,60.0,1.32,488.0,Strength,14.0,2.8,6.0,3.0,18.11
18.0,Female,68.5,1.64,161.0,128.0,83.0,0.58,965.0,Strength,30.1,2.8,3.0,2.0,25.7
48.0,Female,70.5,1.57,152.0,120.0,64.0,0.65,204.0,Yoga,30.5,1.8,2.0,1.0,28.46
50.0,Female,78.3,1.74,152.0,120.0,77.0,0.59,372.0,Cardio,28.1,2.5,2.0,2.0,25.71
49.0,Female,64.1,1.65,163.0,135.0,72.0,1.19,706.0,Cardio,28.9,2.7,3.0,2.0,23.46
30.0,Female,43.1,1.53,184.0,153.0,57.0,1.12,806.0,Strength,24.2,2.4,2.0,2.0,17.98
34.0,Female,68.4,1.7,149.0,129.0,62.0,0.96,792.0,Cardio,21.7,2.6,3.0,1.0,22.8
45.0,Female,84.6,1.72,152.0,133.0,63.0,0.83,335.0,HIIT,26.6,2.6,3.0,2.0,29.0
41.0,Male,70.0,1.88,133.0,106.0,76.0,0.88,136.0,Strength,17.2,1.6,2.0,1.0,20.0
31.0,Female,56.6,1.59,184.0,161.0,61.0,1.31,829.0,Strength,26.0,2.5,4.0,3.0,22.07
18.0,Female,61.9,1.64,151.0,112.0,71.0,0.63,1104.0,Strength,29.5,1.6,4.0,1.0,23.17
37.0,Male,75.1,1.88,162.0,131.0,58.0,1.2,542.0,Strength,19.2,2.3,3.0,3.0,21.54
49.0,Female,65.9,1.61,135.0,113.0,88.0,0.57,279.0,Strength,32.5,2.7,2.0,1.0,25.18
22.0,Female,63.2,1.59,181.0,155.0,64.0,1.24,518.0,Strength,24.9,3.1,5.0,3.0,25.14
44.0,Female,75.6,1.7,134.0,105.0,75.0,0.62,771.0,Cardio,26.3,1.5,3.0,1.0,26.51
40.0,Female,54.6,1.62,130.0,96.0,68.0,0.45,568.0,Strength,22.7,2.0,2.0,1.0,20.3
45.0,Female,50.4,1.69,171.0,141.0,63.0,1.02,1103.0,Cardio,18.7,2.6,4.0,1.0,17.83
46.0,Female,62.8,1.57,130.0,97.0,85.0,0.54,939.0,Yoga,30.9,2.4,2.0,2.0,25.61
28.0,Female,54.9,1.56,144.0,127.0,59.0,0.56,706.0,Yoga,16.8,1.8,1.0,1.0,23.22
18.0,Male,106.9,1.86,163.0,152.0,70.0,0.86,80.0,Cardio,25.2,1.9,3.0,1.0,31.09
30.0,Male,88.3,1.67,141.0,116.0,64.0,0.56,424.0,Strength,30.8,2.1,2.0,2.0,31.52
47.0,Female,90.3,1.71,199.0,167.0,61.0,1.16,481.0,HIIT,30.8,3.1,5.0,3.0,30.78
29.0,Female,54.2,1.61,143.0,118.0,68.0,0.69,408.0,Strength,27.0,2.2,3.0,1.0,21.62
28.0,Female,65.9,1.59,190.0,152.0,61.0,0.95,714.0,Strength,34.4,2.1,4.0,2.0,25.94
18.0,Male,88.2,1.8,159.0,131.0,68.0,0.98,718.0,Cardio,24.0,3.2,4.0,2.0,27.43
57.0,Male,106.1,1.99,151.0,112.0,50.0,1.32,115.0,Cardio,26.9,2.4,4.0,2.0,26.71
46.0,Female,68.3,1.74,172.0,135.0,66.0,0.95,908.0,Yoga,32.3,2.5,4.0,1.0,22.94
45.0,Female,87.1,1.74,189.0,153.0,67.0,1.06,659.0,Cardio,31.2,2.2,2.0,2.0,29.16
48.0,Female,68.1,1.71,177.0,159.0,54.0,1.4,772.0,Strength,25.5,3.3,5.0,3.0,23.28
43.0,Male,81.0,1.8,141.0,113.0,83.0,0.64,884.0,Yoga,24.7,2.4,3.0,2.0,24.86
33.0,Male,67.3,1.9,159.0,121.0,68.0,0.69,402.0,Yoga,20.5,2.2,2.0,1.0,18.49
34.0,Female,70.9,1.64,176.0,146.0,66.0,0.97,1055.0,Cardio,28.0,1.9,4.0,2.0,25.76
31.0,Male,71.0,1.76,167.0,135.0,64.0,1.0,606.0,Cardio,18.9,2.9,4.0,2.0,22.96
68.0,Female,65.6,1.58,161.0,144.0,71.0,0.56,1133.0,Yoga,33.2,2.4,3.0,1.0,26.31
43.0,Male,69.1,1.65,156.0,113.0,81.0,0.58,359.0,Cardio,21.5,2.6,3.0,1.0,25.1
30.0,Male,63.7,1.63,186.0,164.0,81.0,1.29,1117.0,HIIT,24.8,2.8,5.0,3.0,23.33
42.0,Female,59.2,1.58,156.0,144.0,73.0,0.67,361.0,Strength,26.8,2.4,4.0,2.0,23.79
24.0,Female,76.0,1.7,172.0,147.0,72.0,1.51,1473.0,Yoga,33.5,2.7,5.0,3.0,26.41
54.0,Male,81.8,1.88,140.0,132.0,80.0,1.29,349.0,Strength,18.0,3.5,4.0,2.0,23.28
28.0,Female,56.9,1.76,165.0,146.0,70.0,1.0,991.0,Yoga,19.1,2.2,3.0,2.0,18.02
42.0,Male,82.6,1.76,167.0,119.0,83.0,0.75,532.0,HIIT,25.9,1.6,3.0,1.0,26.8
49.0,Female,59.8,1.72,182.0,157.0,70.0,1.45,886.0,HIIT,19.8,2.6,4.0,3.0,20.15
41.0,Male,65.2,1.83,130.0,102.0,73.0,0.45,630.0,Yoga,17.9,1.9,3.0,2.0,19.77
37.0,Female,59.2,1.72,171.0,143.0,70.0,1.11,304.0,Strength,27.7,3.0,4.0,2.0,19.67
36.0,Female,62.2,1.56,142.0,121.0,59.0,0.59,80.0,Yoga,22.1,1.5,3.0,1.0,25.96
35.0,Female,63.3,1.64,170.0,135.0,70.0,1.31,1456.0,Yoga,27.0,2.2,3.0,1.0,24.06
29.0,Female,44.9,1.65,161.0,140.0,57.0,0.94,675.0,Strength,23.8,2.5,4.0,2.0,16.53
31.0,Female,59.6,1.63,162.0,132.0,57.0,1.11,80.0,Yoga,24.9,3.0,4.0,3.0,22.57
54.0,Male,92.9,1.83,167.0,148.0,65.0,1.26,752.0,Strength,21.4,3.1,5.0,2.0,28.01
35.0,Female,65.1,1.69,165.0,116.0,64.0,0.98,870.0,Yoga,24.4,2.8,2.0,1.0,22.43
27.0,Female,65.7,1.68,163.0,131.0,68.0,0.89,421.0,Strength,23.1,2.6,4.0,3.0,23.11
30.0,Female,76.6,1.64,167.0,140.0,73.0,0.82,424.0,Strength,30.0,2.0,1.0,1.0,28.54
49.0,Female,70.5,1.6,153.0,127.0,73.0,0.74,642.0,Strength,28.2,2.5,2.0,1.0,28.25
44.0,Male,84.9,1.73,132.0,108.0,66.0,0.71,1031.0,Yoga,23.2,1.5,1.0,1.0,27.95
43.0,Male,59.6,1.9,160.0,138.0,78.0,0.68,681.0,Strength,16.6,1.3,3.0,1.0,17.08
33.0,Female,77.6,1.58,136.0,114.0,71.0,0.55,1114.0,Yoga,36.6,2.5,2.0,2.0,31.02
43.0,Male,89.1,1.84,177.0,136.0,71.0,0.58,1010.0,HIIT,24.0,2.5,4.0,2.0,26.31
28.0,Male,112.6,1.84,169.0,145.0,60.0,1.13,580.0,Yoga,32.6,2.9,4.0,2.0,33.68
33.0,Male,73.2,1.87,130.0,116.0,67.0,0.9,146.0,Cardio,23.5,2.1,3.0,2.0,21.64
48.0,Female,47.9,1.64,135.0,116.0,80.0,0.83,575.0,Yoga,19.5,2.7,3.0,1.0,17.96
46.0,Female,63.6,1.61,147.0,112.0,79.0,0.7,815.0,Yoga,27.4,2.4,2.0,1.0,24.94
24.0,Female,72.6,1.76,146.0,120.0,66.0,0.83,667.0,Strength,24.5,2.1,2.0,1.0,23.12
26.0,Male,81.7,1.76,167.0,140.0,64.0,1.09,856.0,Cardio,18.7,2.5,4.0,2.0,26.19
37.0,Male,86.8,1.78,190.0,153.0,57.0,0.92,929.0,HIIT,25.0,3.0,6.0,2.0,26.92
57.0,Female,78.3,1.8,139.0,117.0,67.0,0.74,817.0,Strength,23.2,1.7,2.0,1.0,23.99
18.0,Female,68.8,1.73,180.0,147.0,58.0,0.92,564.0,Strength,26.8,2.3,4.0,2.0,23.19
39.0,Male,97.6,1.92,144.0,121.0,71.0,0.82,815.0,Cardio,18.5,2.2,2.0,1.0,26.55
19.0,Male,68.0,1.7,151.0,118.0,76.0,0.74,1363.0,Yoga,21.3,1.9,2.0,2.0,24.13
28.0,Female,55.8,1.55,144.0,119.0,67.0,0.74,171.0,Strength,20.9,1.4,2.0,1.0,23.94
32.0,Male,103.8,1.91,162.0,136.0,71.0,0.61,804.0,Cardio,26.8,2.2,2.0,1.0,28.41
31.0,Female,73.4,1.6,173.0,138.0,66.0,0.83,1237.0,Strength,28.8,2.8,1.0,3.0,28.43
30.0,Female,70.2,1.6,183.0,149.0,71.0,1.23,279.0,Cardio,27.5,3.3,6.0,3.0,27.83
36.0,Male,72.2,1.74,130.0,99.0,68.0,0.38,962.0,Yoga,24.5,2.3,2.0,1.0,24.29
30.0,Male,52.9,1.79,146.0,122.0,64.0,0.88,1012.0,Yoga,14.2,2.8,3.0,2.0,16.66
18.0,Male,69.8,1.73,172.0,131.0,62.0,0.75,176.0,HIIT,21.0,2.9,3.0,2.0,23.57
45.0,Female,49.7,1.56,186.0,153.0,56.0,1.07,882.0,Strength,22.7,2.8,4.0,3.0,20.61
45.0,Female,59.9,1.6,155.0,130.0,72.0,0.99,564.0,Strength,27.2,1.5,4.0,2.0,23.05
46.0,Female,59.0,1.64,145.0,122.0,71.0,0.73,628.0,Strength,27.7,2.6,2.0,1.0,21.51
18.0,Female,64.1,1.64,166.0,130.0,68.0,0.97,547.0,Strength,28.6,2.0,3.0,2.0,23.81
40.0,Female,65.1,1.78,138.0,109.0,81.0,0.58,1065.0,Yoga,22.0,1.6,2.0,1.0,20.48
44.0,Female,51.4,1.67,187.0,160.0,73.0,1.15,620.0,Strength,25.4,2.3,5.0,2.0,18.53
24.0,Female,69.1,1.54,161.0,132.0,60.0,0.6,500.0,Strength,27.6,3.2,3.0,1.0,29.09
36.0,Female,57.1,1.68,156.0,125.0,73.0,0.85,506.0,Strength,20.9,2.6,3.0,2.0,19.63
35.0,Female,70.0,1.69,148.0,120.0,74.0,0.64,538.0,Cardio,26.2,1.6,2.0,1.0,23.77
58.0,Male,93.2,1.82,137.0,99.0,69.0,0.42,297.0,Yoga,27.6,1.8,3.0,1.0,28.39
59.0,Female,66.0,1.57,177.0,139.0,66.0,1.4,504.0,HIIT,24.9,2.8,4.0,2.0,26.54
18.0,Male,97.2,1.9,162.0,130.0,56.0,0.88,687.0,Strength,26.2,2.7,3.0,2.0,26.84
66.0,Male,70.7,1.66,168.0,129.0,82.0,0.71,778.0,Yoga,22.4,2.2,2.0,1.0,25.46
25.0,Male,78.9,1.74,174.0,146.0,68.0,1.42,1041.0,HIIT,21.5,2.4,5.0,3.0,25.74
48.0,Female,78.6,1.66,180.0,146.0,58.0,1.34,733.0,HIIT,33.1,2.9,5.0,2.0,28.19
48.0,Female,74.6,1.69,154.0,118.0,68.0,0.77,496.0,Yoga,25.5,1.8,2.0,1.0,26.48
24.0,Male,47.2,1.67,172.0,136.0,56.0,0.66,325.0,Strength,22.4,2.9,3.0,2.0,16.84
42.0,Male,71.7,1.81,163.0,128.0,66.0,0.9,744.0,Cardio,19.0,2.5,4.0,3.0,22.11
35.0,Female,68.8,1.61,189.0,156.0,65.0,1.14,617.0,Yoga,28.7,2.1,4.0,2.0,26.81
43.0,Female,66.2,1.73,159.0,115.0,63.0,0.73,620.0,Yoga,29.3,2.4,1.0,1.0,22.23
39.0,Male,95.0,1.76,143.0,119.0,77.0,0.93,733.0,Strength,27.1,2.3,1.0,1.0,30.95
50.0,Female,63.5,1.66,177.0,150.0,73.0,1.55,824.0,HIIT,29.0,2.6,5.0,3.0,23.05
37.0,Male,66.7,1.68,184.0,158.0,64.0,1.33,743.0,Cardio,15.0,3.1,6.0,3.0,24.11
34.0,Female,70.3,1.58,173.0,148.0,66.0,0.93,598.0,Strength,28.2,2.7,2.0,2.0,28.45
49.0,Female,61.5,1.65,183.0,171.0,67.0,1.15,400.0,HIIT,26.3,3.3,5.0,2.0,22.92
43.0,Male,85.9,1.87,167.0,128.0,68.0,0.9,454.0,Yoga,24.9,2.8,5.0,2.0,24.24
45.0,Female,63.9,1.53,167.0,147.0,60.0,0.91,924.0,Cardio,31.2,2.4,3.0,2.0,27.39
28.0,Male,58.0,1.78,170.0,141.0,63.0,0.88,516.0,Yoga,18.7,1.7,5.0,2.0,17.66
23.0,Female,57.7,1.59,163.0,146.0,66.0,0.83,221.0,Cardio,28.4,2.5,3.0,3.0,23.31
29.0,Female,81.9,1.74,168.0,135.0,70.0,1.03,1023.0,Strength,30.1,2.6,4.0,2.0,26.83
29.0,Male,84.7,1.85,138.0,116.0,72.0,0.9,347.0,Yoga,15.4,2.1,2.0,1.0,24.58
45.0,Female,72.7,1.57,164.0,145.0,69.0,1.11,665.0,Strength,34.9,1.1,4.0,2.0,29.02
48.0,Female,51.0,1.66,158.0,128.0,61.0,0.6,805.0,Cardio,19.3,2.4,3.0,1.0,18.5
34.0,Male,51.6,1.69,156.0,134.0,77.0,0.8,651.0,Strength,17.4,1.7,3.0,2.0,17.97
53.0,Male,80.3,1.73,161.0,138.0,68.0,1.02,80.0,Yoga,24.0,2.8,4.0,2.0,27.47
52.0,Male,102.4,1.92,146.0,117.0,90.0,0.64,771.0,Yoga,24.4,2.9,2.0,1.0,28.08
39.0,Female,63.9,1.64,130.0,93.0,69.0,0.63,1068.0,Strength,22.7,2.0,4.0,1.0,23.58
26.0,Female,72.6,1.69,141.0,120.0,70.0,0.94,901.0,Cardio,21.5,2.6,4.0,3.0,24.84
55.0,Male,80.0,1.75,170.0,150.0,84.0,1.39,80.0,Cardio,19.9,2.8,5.0,3.0,25.32
35.0,Female,52.1,1.56,135.0,107.0,73.0,0.67,1326.0,Yoga,26.6,2.3,2.0,1.0,21.05
38.0,Female,61.6,1.68,158.0,126.0,72.0,0.54,222.0,Strength,20.1,2.1,1.0,1.0,21.36
32.0,Male,90.1,1.89,145.0,105.0,65.0,0.53,299.0,Yoga,19.5,1.9,1.0,1.0,25.35
25.0,Female,67.4,1.57,150.0,131.0,79.0,1.02,901.0,Yoga,30.1,2.0,3.0,2.0,27.29
18.0,Female,56.9,1.71,156.0,131.0,60.0,1.03,796.0,Strength,19.5,3.2,4.0,1.0,19.47
44.0,Female,67.8,1.69,167.0,130.0,75.0,0.6,673.0,Strength,24.4,2.3,3.0,1.0,23.41
27.0,Female,55.9,1.56,174.0,130.0,65.0,0.8,467.0,HIIT,25.6,2.8,3.0,2.0,23.02
70.0,Male,87.4,1.83,143.0,123.0,71.0,0.84,1075.0,Strength,23.7,2.3,2.0,2.0,25.6
23.0,Male,60.3,1.57,142.0,120.0,62.0,0.81,635.0,Yoga,18.4,2.5,2.0,2.0,24.43
21.0,Female,66.5,1.77,194.0,163.0,73.0,0.99,154.0,HIIT,24.4,2.4,5.0,3.0,21.52
42.0,Female,85.5,1.71,150.0,127.0,70.0,0.85,1044.0,Yoga,31.6,2.1,2.0,2.0,29.11
54.0,Male,81.0,1.9,140.0,118.0,63.0,0.62,716.0,HIIT,16.1,2.3,2.0,2.0,22.59
37.0,Female,66.8,1.69,131.0,101.0,81.0,0.68,1002.0,Yoga,26.4,2.7,2.0,1.0,22.7
43.0,Female,43.4,1.56,174.0,134.0,64.0,1.14,836.0,HIIT,19.1,3.7,3.0,2.0,17.11
18.0,Male,72.8,1.88,172.0,154.0,66.0,1.54,1423.0,HIIT,18.8,3.0,6.0,2.0,20.71
28.0,Male,78.2,1.76,197.0,157.0,70.0,1.44,558.0,HIIT,24.4,2.5,5.0,3.0,25.61
23.0,Female,72.6,1.68,134.0,111.0,75.0,0.69,651.0,Yoga,27.0,1.6,2.0,1.0,25.64
18.0,Male,86.8,1.8,160.0,129.0,57.0,0.44,877.0,Cardio,26.2,1.7,3.0,1.0,27.54
37.0,Female,72.5,1.67,177.0,136.0,73.0,0.67,552.0,Cardio,30.2,2.1,4.0,2.0,25.49
18.0,Male,117.1,1.9,140.0,109.0,71.0,0.78,903.0,Yoga,30.7,1.0,2.0,1.0,32.2
20.0,Male,67.0,1.81,175.0,149.0,62.0,1.49,80.0,Cardio,19.6,2.5,4.0,3.0,20.5
30.0,Male,57.5,1.8,189.0,155.0,67.0,0.85,629.0,Cardio,19.5,2.8,4.0,1.0,17.91
26.0,Male,70.2,1.85,152.0,125.0,61.0,0.61,614.0,Cardio,19.6,2.1,4.0,1.0,20.31
41.0,Male,74.2,1.87,178.0,146.0,69.0,0.89,607.0,Cardio,14.0,2.3,3.0,2.0,20.85
40.0,Female,58.7,1.68,134.0,108.0,62.0,0.56,364.0,Yoga,21.3,1.4,2.0,1.0,21.01
47.0,Female,68.5,1.66,146.0,111.0,70.0,0.81,937.0,Strength,26.3,2.6,2.0,1.0,24.91
45.0,Male,96.0,1.83,146.0,129.0,69.0,1.0,489.0,Yoga,24.7,2.7,5.0,2.0,28.55
50.0,Male,95.3,1.79,158.0,138.0,76.0,0.94,715.0,Strength,26.9,2.4,4.0,2.0,29.92
36.0,Female,72.9,1.68,151.0,134.0,62.0,1.37,642.0,Cardio,25.2,1.5,4.0,2.0,25.78
40.0,Male,100.4,1.77,159.0,131.0,78.0,0.75,809.0,Cardio,33.7,2.2,3.0,3.0,32.0
42.0,Male,69.5,1.78,166.0,150.0,71.0,1.37,1114.0,HIIT,19.2,3.0,4.0,3.0,21.87
38.0,Female,44.9,1.62,168.0,146.0,61.0,1.13,716.0,Cardio,20.7,2.8,5.0,3.0,16.82
31.0,Female,77.8,1.67,153.0,134.0,60.0,0.95,920.0,Strength,27.3,2.5,3.0,2.0,27.57
32.0,Female,43.2,1.57,169.0,129.0,62.0,0.67,694.0,Strength,18.0,2.4,1.0,1.0,17.34
26.0,Female,63.7,1.74,141.0,121.0,70.0,1.1,489.0,Yoga,23.4,2.5,4.0,2.0,21.05
41.0,Female,69.7,1.66,175.0,157.0,59.0,1.25,611.0,HIIT,27.3,3.1,5.0,3.0,24.64
35.0,Female,61.7,1.6,162.0,132.0,80.0,0.59,557.0,Cardio,26.0,1.7,2.0,2.0,24.43
28.0,Female,62.3,1.64,175.0,134.0,63.0,0.93,833.0,Cardio,30.5,1.9,3.0,2.0,23.17
28.0,Female,51.9,1.61,140.0,113.0,66.0,0.49,679.0,Cardio,22.6,2.3,3.0,1.0,19.65
21.0,Male,80.1,1.81,155.0,127.0,74.0,0.74,394.0,Strength,21.3,2.4,2.0,1.0,25.02
48.0,Female,74.5,1.64,164.0,126.0,63.0,1.01,579.0,Strength,31.6,2.7,4.0,2.0,27.71
37.0,Male,73.6,1.73,153.0,118.0,72.0,0.72,159.0,Cardio,21.1,2.2,2.0,1.0,24.12
26.0,Male,66.5,1.79,157.0,126.0,75.0,0.96,591.0,Strength,20.2,2.3,4.0,2.0,21.3
46.0,Male,62.1,1.8,140.0,117.0,69.0,0.94,649.0,Cardio,13.5,2.5,4.0,2.0,19.64
29.0,Male,63.8,1.75,166.0,134.0,69.0,1.15,1231.0,Strength,14.8,2.6,3.0,2.0,20.51
19.0,Male,89.0,1.85,130.0,105.0,73.0,0.8,1078.0,Cardio,23.2,2.3,2.0,1.0,25.89
48.0,Female,61.2,1.54,141.0,118.0,60.0,0.86,317.0,Strength,26.9,3.3,1.0,1.0,25.65
30.0,Male,72.2,1.86,186.0,147.0,71.0,1.03,718.0,Cardio,16.3,2.0,2.0,2.0,20.21
31.0,Female,44.9,1.65,193.0,155.0,69.0,1.17,725.0,Strength,20.6,3.9,3.0,2.0,16.61
36.0,Male,86.3,1.84,168.0,137.0,74.0,0.91,577.0,Cardio,23.0,1.9,3.0,2.0,25.79
50.0,Male,63.7,1.79,177.0,164.0,68.0,1.26,604.0,HIIT,15.8,3.0,4.0,3.0,20.11
36.0,Female,75.6,1.67,140.0,122.0,71.0,0.83,535.0,Yoga,27.1,1.6,2.0,1.0,27.12
22.0,Female,61.8,1.74,173.0,150.0,71.0,1.42,1256.0,Strength,24.0,2.9,6.0,3.0,20.74
43.0,Male,66.5,1.79,130.0,99.0,70.0,0.61,511.0,Yoga,15.5,2.5,3.0,1.0,20.36
30.0,Female,66.6,1.63,152.0,134.0,74.0,0.49,756.0,Strength,25.3,2.1,1.0,1.0,25.7
59.0,Female,95.0,1.7,152.0,126.0,66.0,0.94,80.0,Cardio,34.9,2.9,3.0,2.0,32.6
36.0,Female,77.2,1.68,174.0,132.0,75.0,0.55,911.0,Strength,28.8,1.9,2.0,1.0,27.12
18.0,Female,70.6,1.68,154.0,123.0,69.0,0.91,1028.0,Yoga,25.6,1.2,2.0,1.0,24.81
40.0,Male,82.9,1.79,138.0,108.0,84.0,0.76,310.0,Yoga,20.0,2.4,2.0,1.0,25.65
59.0,Male,51.6,1.7,141.0,121.0,86.0,0.54,482.0,Cardio,13.2,2.1,2.0,1.0,17.79
55.0,Female,58.8,1.73,172.0,157.0,74.0,0.81,797.0,Cardio,22.3,2.2,4.0,2.0,19.57
58.0,Female,43.8,1.63,151.0,133.0,83.0,0.53,654.0,Yoga,26.3,1.9,3.0,1.0,16.53
24.0,Female,76.1,1.58,146.0,131.0,57.0,0.89,799.0,Yoga,33.1,2.6,3.0,1.0,30.2
47.0,Female,78.9,1.63,158.0,129.0,58.0,0.94,558.0,Yoga,26.8,2.1,4.0,2.0,29.75
27.0,Male,78.7,1.74,150.0,119.0,70.0,0.82,1244.0,Cardio,24.9,2.3,2.0,2.0,25.61
39.0,Male,77.5,1.76,136.0,116.0,72.0,0.51,431.0,Strength,19.7,2.6,2.0,1.0,25.28
21.0,Female,49.1,1.68,195.0,166.0,63.0,1.63,1521.0,Cardio,20.9,3.7,5.0,2.0,17.65
28.0,Male,69.0,1.73,183.0,143.0,57.0,0.83,1048.0,Cardio,18.7,3.1,3.0,2.0,23.05
28.0,Female,80.6,1.62,163.0,119.0,76.0,0.76,914.0,Cardio,37.6,2.5,4.0,1.0,30.48
47.0,Male,89.9,1.92,175.0,141.0,83.0,1.22,321.0,Strength,18.1,2.6,5.0,2.0,24.5
46.0,Male,74.9,1.83,143.0,116.0,81.0,0.85,939.0,Yoga,20.8,1.9,2.0,1.0,22.05
39.0,Male,53.9,1.74,152.0,118.0,80.0,0.62,840.0,Yoga,14.2,1.9,2.0,1.0,17.81
20.0,Male,91.3,1.77,177.0,138.0,70.0,1.03,80.0,HIIT,27.5,2.8,4.0,3.0,29.09
32.0,Male,76.8,1.78,142.0,130.0,66.0,0.71,199.0,Strength,22.3,2.0,3.0,1.0,25.16
27.0,Female,44.1,1.6,186.0,146.0,69.0,0.99,767.0,Strength,24.5,2.6,3.0,1.0,16.8
46.0,Female,57.5,1.68,153.0,129.0,83.0,0.78,606.0,Cardio,25.5,2.0,3.0,2.0,19.44
50.0,Female,51.2,1.64,159.0,135.0,66.0,0.6,483.0,Yoga,20.2,3.1,3.0,1.0,18.81
49.0,Male,71.7,1.75,157.0,132.0,65.0,0.84,995.0,Strength,29.5,2.3,3.0,3.0,22.81
27.0,Male,72.2,1.69,132.0,101.0,80.0,0.92,364.0,Strength,23.9,2.6,2.0,1.0,25.02
18.0,Male,71.6,1.78,136.0,117.0,80.0,0.93,503.0,HIIT,18.4,1.8,2.0,2.0,22.14
18.0,Male,88.0,1.79,162.0,136.0,66.0,0.61,441.0,Yoga,24.6,1.8,2.0,1.0,27.15
53.0,Female,61.2,1.59,151.0,119.0,66.0,0.83,811.0,Strength,28.3,3.0,3.0,2.0,23.84
31.0,Male,90.4,1.78,148.0,118.0,68.0,0.69,97.0,Cardio,26.6,1.8,1.0,1.0,28.87
27.0,Male,79.2,1.85,148.0,117.0,72.0,0.72,488.0,Strength,22.0,1.4,1.0,1.0,23.12
56.0,Female,93.3,1.61,146.0,121.0,80.0,0.74,96.0,Strength,38.7,1.6,3.0,1.0,36.37
51.0,Female,58.7,1.62,142.0,108.0,66.0,0.3,542.0,Yoga,27.5,2.5,2.0,1.0,22.38
36.0,Female,61.3,1.73,158.0,122.0,76.0,1.44,885.0,Yoga,20.8,2.8,5.0,2.0,20.81
32.0,Female,53.4,1.61,140.0,104.0,73.0,0.82,883.0,Yoga,29.8,1.8,3.0,1.0,20.5
34.0,Male,90.0,2.0,198.0,167.0,80.0,1.26,424.0,Strength,25.9,2.5,4.0,2.0,23.06
39.0,Male,60.8,1.84,144.0,108.0,74.0,0.54,815.0,Cardio,18.8,2.4,4.0,1.0,18.12
55.0,Male,80.2,1.79,166.0,131.0,67.0,1.12,593.0,Cardio,22.1,3.0,4.0,2.0,24.76
41.0,Female,49.3,1.69,188.0,139.0,76.0,0.72,1085.0,Cardio,21.0,2.1,2.0,1.0,17.48
45.0,Male,76.0,1.74,149.0,111.0,70.0,0.66,604.0,Yoga,21.1,2.3,1.0,1.0,25.11
50.0,Male,58.2,1.79,184.0,157.0,51.0,1.36,80.0,Strength,15.9,3.2,5.0,2.0,18.09
22.0,Female,56.6,1.61,186.0,165.0,62.0,1.27,943.0,HIIT,17.9,3.8,5.0,3.0,21.87
45.0,Male,83.9,1.81,190.0,164.0,62.0,1.35,511.0,Strength,27.1,2.3,5.0,3.0,25.87
32.0,Female,80.9,1.56,130.0,105.0,61.0,0.76,558.0,Yoga,37.1,1.8,2.0,1.0,32.5
18.0,Female,56.2,1.66,143.0,111.0,71.0,0.7,754.0,Yoga,18.3,1.9,1.0,1.0,20.27
18.0,Female,68.2,1.71,161.0,139.0,54.0,1.01,196.0,Yoga,28.3,2.8,3.0,2.0,23.56
24.0,Female,55.0,1.59,175.0,137.0,70.0,0.86,674.0,Yoga,24.4,2.0,3.0,1.0,21.84
42.0,Male,54.7,1.63,145.0,128.0,70.0,0.73,819.0,Strength,17.9,2.6,3.0,2.0,20.19
37.0,Female,59.8,1.68,146.0,131.0,69.0,0.85,766.0,Cardio,25.4,2.5,3.0,1.0,20.36
38.0,Female,76.3,1.68,167.0,140.0,65.0,0.97,460.0,Yoga,23.4,2.5,3.0,2.0,27.63
59.0,Female,48.3,1.48,163.0,142.0,67.0,0.86,969.0,Cardio,24.6,2.5,4.0,2.0,21.99
21.0,Female,104.0,1.79,161.0,143.0,63.0,0.91,332.0,Cardio,33.2,2.9,3.0,2.0,32.99
36.0,Female,74.5,1.69,133.0,110.0,72.0,0.84,447.0,Strength,28.1,1.7,3.0,2.0,26.36
40.0,Female,59.7,1.7,135.0,113.0,72.0,0.63,602.0,Strength,19.4,2.0,2.0,1.0,20.38
27.0,Male,76.2,1.84,166.0,138.0,62.0,0.7,744.0,Yoga,21.3,1.9,3.0,2.0,21.63
36.0,Female,48.2,1.52,172.0,149.0,70.0,0.91,549.0,Yoga,26.9,2.6,5.0,2.0,20.7
18.0,Male,92.2,1.83,140.0,116.0,74.0,0.66,1040.0,Strength,25.3,2.0,2.0,2.0,27.52
53.0,Female,47.4,1.61,146.0,118.0,71.0,0.66,741.0,HIIT,20.9,2.6,2.0,1.0,18.44
28.0,Male,65.8,1.87,162.0,126.0,85.0,1.05,675.0,Strength,25.1,2.4,4.0,1.0,18.43
60.0,Male,74.1,1.85,195.0,155.0,67.0,1.04,737.0,Strength,16.5,2.3,2.0,2.0,21.71
36.0,Female,73.9,1.67,167.0,138.0,66.0,0.95,886.0,HIIT,30.5,2.3,4.0,2.0,26.56
48.0,Female,74.7,1.6,159.0,129.0,69.0,0.47,723.0,Cardio,31.1,2.9,3.0,1.0,29.52
35.0,Male,75.2,1.59,145.0,118.0,65.0,0.58,80.0,Cardio,31.8,1.4,3.0,2.0,29.64
36.0,Female,63.9,1.57,169.0,137.0,73.0,0.88,999.0,Strength,28.9,2.2,1.0,3.0,26.08
29.0,Male,74.9,1.76,134.0,103.0,67.0,0.61,683.0,Cardio,23.2,2.1,2.0,1.0,24.28
37.0,Female,88.2,1.81,153.0,114.0,64.0,1.07,869.0,Cardio,30.1,2.2,3.0,2.0,27.23
40.0,Female,60.6,1.76,162.0,149.0,64.0,1.03,523.0,Cardio,19.5,2.7,4.0,2.0,19.28
27.0,Male,48.2,1.66,145.0,119.0,65.0,0.77,80.0,Cardio,13.4,2.1,3.0,1.0,16.42
34.0,Male,93.4,1.89,151.0,120.0,60.0,0.59,80.0,Yoga,22.1,2.2,2.0,1.0,26.06
29.0,Female,61.9,1.73,134.0,106.0,69.0,0.88,345.0,HIIT,26.4,2.2,1.0,1.0,20.6
64.0,Male,65.8,1.69,165.0,145.0,70.0,1.39,821.0,HIIT,21.1,2.8,6.0,3.0,22.63
35.0,Male,75.4,1.76,165.0,147.0,69.0,0.99,1068.0,Cardio,20.9,1.9,3.0,1.0,23.81
55.0,Female,78.8,1.76,169.0,135.0,83.0,0.74,746.0,Yoga,31.5,2.2,3.0,1.0,25.24
34.0,Female,80.4,1.73,170.0,148.0,69.0,1.19,318.0,HIIT,22.5,2.0,5.0,3.0,26.82
39.0,Female,73.7,1.65,157.0,143.0,72.0,0.65,399.0,Strength,24.8,2.1,4.0,2.0,27.1
20.0,Female,60.0,1.56,173.0,138.0,81.0,0.88,1086.0,Cardio,19.2,2.7,3.0,2.0,23.85
31.0,Male,74.8,1.86,185.0,153.0,63.0,1.4,237.0,Strength,22.9,3.3,6.0,3.0,21.01
39.0,Female,57.6,1.52,164.0,137.0,72.0,0.66,1321.0,Cardio,26.6,3.2,3.0,1.0,25.33
55.0,Female,65.8,1.72,134.0,113.0,72.0,0.63,1246.0,HIIT,27.7,1.9,3.0,2.0,22.18
39.0,Male,73.4,1.78,175.0,148.0,79.0,0.84,1335.0,Yoga,20.2,2.1,4.0,1.0,23.17
53.0,Male,127.0,1.92,160.0,122.0,72.0,0.36,767.0,Strength,32.6,2.3,2.0,1.0,33.98
44.0,Male,59.1,1.55,151.0,136.0,63.0,1.18,544.0,Cardio,21.3,3.3,4.0,2.0,24.6
56.0,Male,75.7,1.7,147.0,132.0,76.0,0.62,762.0,Yoga,24.2,2.8,3.0,1.0,26.06
35.0,Female,60.9,1.67,144.0,121.0,66.0,0.59,937.0,Yoga,25.2,1.6,3.0,2.0,21.62
65.0,Male,81.0,1.69,145.0,117.0,76.0,0.55,437.0,Yoga,25.7,2.0,2.0,2.0,27.85
30.0,Female,80.1,1.71,156.0,132.0,75.0,0.84,297.0,Cardio,34.0,2.5,1.0,1.0,27.09
27.0,Female,66.7,1.56,163.0,130.0,71.0,0.78,558.0,Strength,24.1,2.5,3.0,1.0,28.1
21.0,Female,64.8,1.6,167.0,130.0,76.0,0.5,400.0,Yoga,27.0,2.4,1.0,1.0,25.19
64.0,Male,87.2,1.79,145.0,115.0,54.0,1.46,1050.0,Strength,24.4,2.6,5.0,3.0,27.49
46.0,Male,98.2,1.83,154.0,122.0,73.0,0.63,450.0,Strength,25.6,2.4,2.0,1.0,29.25
32.0,Female,81.0,1.78,150.0,120.0,69.0,0.56,677.0,Yoga,26.3,2.5,1.0,1.0,25.46
51.0,Male,72.9,1.74,146.0,118.0,92.0,0.61,961.0,Strength,19.6,1.7,2.0,2.0,23.86
44.0,Male,87.4,1.77,142.0,124.0,73.0,0.53,1056.0,Yoga,28.9,2.7,4.0,1.0,28.37
60.0,Female,53.3,1.59,141.0,121.0,68.0,0.45,712.0,Cardio,23.6,2.5,2.0,1.0,21.21
18.0,Male,56.9,1.64,160.0,143.0,58.0,1.09,776.0,Cardio,26.3,2.1,4.0,2.0,20.88
33.0,Female,71.0,1.71,142.0,115.0,81.0,0.62,321.0,Cardio,28.0,2.5,4.0,1.0,24.14
30.0,Male,50.5,1.74,199.0,169.0,62.0,1.38,986.0,Strength,14.5,3.2,5.0,2.0,17.06
18.0,Female,73.8,1.67,178.0,162.0,58.0,1.33,1062.0,Cardio,29.8,3.2,4.0,3.0,25.47
49.0,Female,56.7,1.65,152.0,123.0,74.0,0.73,80.0,Cardio,24.0,2.8,2.0,1.0,20.94
33.0,Female,58.9,1.61,144.0,123.0,77.0,0.34,1209.0,Strength,29.2,2.1,3.0,2.0,22.91
45.0,Female,61.4,1.61,149.0,130.0,76.0,0.52,423.0,Yoga,22.4,2.2,3.0,1.0,23.42
64.0,Male,73.7,1.75,169.0,146.0,68.0,1.06,843.0,Yoga,15.8,1.3,4.0,1.0,24.12
32.0,Female,57.9,1.58,136.0,117.0,73.0,0.46,670.0,Strength,26.6,2.6,1.0,1.0,23.37
31.0,Female,65.0,1.68,197.0,164.0,66.0,1.35,638.0,Cardio,27.9,3.3,4.0,3.0,22.6
37.0,Male,83.7,1.88,165.0,138.0,70.0,0.76,584.0,HIIT,21.8,3.1,3.0,2.0,23.98
48.0,Male,80.1,1.9,190.0,155.0,71.0,0.97,336.0,Cardio,21.8,2.0,3.0,2.0,22.29
29.0,Male,59.9,1.69,171.0,147.0,76.0,1.21,822.0,Cardio,20.3,2.9,1.0,2.0,20.92
28.0,Male,83.0,1.74,173.0,148.0,64.0,1.41,565.0,HIIT,19.5,3.3,4.0,3.0,27.45
49.0,Female,48.3,1.71,184.0,141.0,66.0,0.37,228.0,Strength,21.0,1.8,2.0,1.0,16.77
41.0,Female,54.8,1.52,130.0,97.0,71.0,0.78,314.0,Yoga,29.9,2.6,2.0,1.0,24.53
18.0,Male,61.1,1.64,162.0,124.0,77.0,0.92,236.0,Yoga,20.7,2.3,2.0,2.0,22.93
21.0,Male,67.8,1.65,188.0,147.0,51.0,1.71,491.0,HIIT,18.0,2.0,5.0,3.0,25.19
54.0,Male,60.9,1.82,189.0,155.0,56.0,1.04,809.0,Strength,15.7,2.7,4.0,2.0,18.45
41.0,Male,57.7,1.62,164.0,139.0,74.0,0.77,422.0,HIIT,21.3,2.1,3.0,2.0,22.65
27.0,Female,64.8,1.64,149.0,110.0,83.0,0.72,958.0,Yoga,31.7,1.3,3.0,1.0,23.58
34.0,Male,87.7,1.79,176.0,151.0,55.0,1.53,619.0,Strength,18.0,3.0,5.0,3.0,26.76
36.0,Female,64.4,1.6,151.0,129.0,69.0,0.94,558.0,Cardio,28.2,2.4,3.0,2.0,25.21
45.0,Female,52.2,1.64,158.0,133.0,65.0,1.13,658.0,Cardio,19.7,3.1,3.0,2.0,19.64
20.0,Female,59.8,1.67,174.0,151.0,62.0,1.16,1101.0,HIIT,25.7,2.9,5.0,3.0,20.54
26.0,Female,76.8,1.66,130.0,110.0,74.0,0.71,207.0,Yoga,31.1,2.5,3.0,1.0,27.87
39.0,Male,64.6,1.8,158.0,121.0,63.0,0.3,1174.0,Yoga,17.3,2.3,2.0,1.0,19.88
35.0,Female,66.6,1.68,162.0,140.0,60.0,0.83,958.0,Cardio,27.8,2.9,4.0,3.0,23.86
43.0,Male,77.5,1.78,136.0,108.0,70.0,0.65,638.0,Cardio,25.0,1.7,2.0,1.0,24.61
21.0,Male,75.5,1.81,130.0,101.0,71.0,0.6,1023.0,Yoga,19.9,2.2,3.0,1.0,22.41
40.0,Male,128.1,1.92,149.0,121.0,64.0,0.45,542.0,Strength,25.8,2.0,2.0,1.0,34.37
49.0,Male,77.6,1.84,142.0,123.0,78.0,0.58,738.0,Yoga,24.6,2.4,2.0,1.0,22.64
42.0,Female,61.6,1.57,180.0,161.0,61.0,1.34,484.0,HIIT,29.5,2.9,5.0,3.0,25.25
38.0,Female,59.2,1.68,169.0,142.0,65.0,0.96,961.0,Yoga,25.5,2.2,4.0,2.0,21.11
35.0,Female,69.6,1.62,170.0,134.0,74.0,0.66,422.0,HIIT,26.1,1.9,2.0,1.0,26.3
26.0,Female,71.2,1.6,160.0,128.0,71.0,0.76,632.0,Yoga,32.2,2.8,1.0,1.0,27.86
35.0,Male,69.8,1.77,177.0,145.0,78.0,0.6,867.0,Strength,25.9,1.3,3.0,1.0,21.91
51.0,Female,58.4,1.57,194.0,167.0,61.0,1.17,992.0,Cardio,25.6,2.8,4.0,2.0,24.41
35.0,Female,57.5,1.7,161.0,136.0,54.0,1.14,390.0,Strength,23.2,3.4,4.0,3.0,20.1
25.0,Female,49.7,1.62,166.0,132.0,62.0,1.58,897.0,Strength,19.0,3.1,5.0,3.0,19.21
30.0,Female,85.1,1.73,141.0,118.0,72.0,0.82,334.0,Strength,27.6,3.0,2.0,1.0,28.92
38.0,Male,75.0,1.83,158.0,123.0,63.0,0.6,80.0,Strength,16.7,2.5,1.0,1.0,22.75
32.0,Female,47.1,1.69,173.0,135.0,58.0,0.93,411.0,Cardio,20.6,2.6,3.0,2.0,16.5
42.0,Male,103.6,1.84,164.0,143.0,69.0,1.0,919.0,Cardio,25.5,2.2,4.0,2.0,30.54
42.0,Male,58.2,1.67,155.0,133.0,63.0,1.06,648.0,Yoga,19.8,2.6,4.0,1.0,21.32
47.0,Male,71.9,1.77,153.0,129.0,58.0,1.13,481.0,HIIT,17.7,2.8,4.0,1.0,22.96
53.0,Female,70.5,1.53,147.0,131.0,75.0,0.77,667.0,Yoga,30.6,2.5,4.0,3.0,29.85
48.0,Male,80.2,1.83,140.0,116.0,68.0,0.72,654.0,Strength,18.3,1.8,3.0,1.0,24.64
25.0,Female,64.2,1.64,164.0,126.0,80.0,0.33,844.0,Cardio,26.7,1.6,2.0,1.0,23.54
25.0,Female,58.0,1.71,133.0,113.0,72.0,0.62,130.0,Cardio,18.0,2.2,1.0,1.0,19.23
35.0,Male,52.2,1.69,154.0,115.0,74.0,0.87,615.0,Yoga,17.1,1.4,2.0,1.0,18.62
31.0,Male,75.6,1.78,149.0,124.0,71.0,0.44,685.0,Yoga,20.3,1.9,2.0,1.0,23.6
22.0,Female,63.9,1.59,179.0,134.0,49.0,0.73,212.0,Cardio,27.8,1.4,4.0,2.0,25.43
31.0,Male,93.6,1.91,152.0,129.0,64.0,0.68,207.0,Yoga,17.6,2.5,3.0,1.0,26.29
30.0,Female,60.2,1.63,136.0,109.0,71.0,0.86,530.0,Strength,27.1,2.6,1.0,1.0,22.18
28.0,Male,76.8,1.79,146.0,125.0,71.0,1.02,653.0,Strength,20.3,2.5,4.0,2.0,23.95
32.0,Male,53.6,1.78,161.0,139.0,55.0,0.68,653.0,Strength,16.2,3.3,3.0,1.0,17.44
50.0,Male,91.8,1.87,161.0,122.0,72.0,0.4,467.0,Yoga,17.4,2.7,2.0,1.0,26.49
38.0,Male,73.4,1.73,159.0,127.0,60.0,0.98,459.0,Cardio,17.9,2.7,3.0,2.0,24.46
66.0,Male,96.5,1.77,203.0,167.0,66.0,1.11,530.0,HIIT,25.5,2.7,6.0,3.0,31.64
38.0,Male,68.3,1.69,172.0,155.0,68.0,0.99,749.0,Strength,25.3,2.3,3.0,2.0,23.88
33.0,Male,72.6,1.89,163.0,130.0,73.0,1.0,1049.0,Yoga,19.8,2.7,4.0,2.0,20.46
36.0,Male,79.6,1.81,153.0,133.0,79.0,0.58,80.0,Yoga,21.8,2.0,2.0,1.0,24.87
39.0,Female,60.0,1.65,147.0,130.0,67.0,1.56,855.0,Cardio,21.9,3.0,4.0,3.0,22.38
41.0,Male,81.9,1.77,159.0,129.0,78.0,0.74,613.0,Cardio,19.6,2.4,2.0,1.0,26.6
61.0,Female,63.7,1.65,175.0,145.0,62.0,1.47,825.0,HIIT,26.6,2.7,5.0,3.0,23.08
26.0,Male,59.2,1.76,174.0,146.0,88.0,1.11,1033.0,HIIT,19.4,2.9,4.0,2.0,19.54
46.0,Female,57.3,1.77,142.0,108.0,63.0,0.63,404.0,Strength,22.3,2.0,1.0,2.0,18.35
38.0,Female,76.3,1.73,152.0,117.0,68.0,0.62,948.0,Cardio,32.5,2.1,1.0,2.0,25.23
18.0,Male,95.5,1.81,168.0,128.0,74.0,0.93,249.0,Strength,23.3,2.0,4.0,2.0,29.23
45.0,Female,67.5,1.67,152.0,134.0,73.0,1.07,693.0,Cardio,26.9,2.3,4.0,2.0,24.27
51.0,Female,70.6,1.6,176.0,136.0,75.0,0.55,570.0,Strength,24.0,3.1,2.0,1.0,28.23
26.0,Male,77.4,1.67,178.0,135.0,73.0,1.23,668.0,Cardio,24.8,2.0,4.0,2.0,27.89
36.0,Female,67.8,1.67,200.0,175.0,49.0,1.18,341.0,HIIT,30.9,3.0,4.0,3.0,24.04
18.0,Female,60.8,1.71,147.0,132.0,79.0,1.0,791.0,Strength,20.5,2.2,3.0,2.0,20.44
21.0,Female,71.2,1.7,168.0,151.0,67.0,0.94,1160.0,Cardio,29.2,1.5,2.0,3.0,24.62
49.0,Female,71.7,1.57,130.0,102.0,81.0,0.58,333.0,Cardio,34.6,2.4,2.0,1.0,28.62
30.0,Female,76.7,1.72,177.0,133.0,54.0,1.3,714.0,HIIT,25.7,2.2,2.0,2.0,25.68
23.0,Female,73.5,1.64,141.0,113.0,74.0,0.58,919.0,Strength,30.3,2.2,3.0,2.0,27.24
39.0,Female,53.8,1.58,192.0,169.0,60.0,1.24,562.0,HIIT,29.0,3.2,6.0,3.0,21.4
30.0,Female,71.8,1.74,143.0,120.0,76.0,0.55,1081.0,Cardio,26.7,2.2,2.0,1.0,23.97
30.0,Female,71.8,1.75,132.0,115.0,70.0,0.98,511.0,Cardio,28.1,2.6,3.0,3.0,23.19
45.0,Male,70.2,1.7,140.0,105.0,75.0,0.63,608.0,Yoga,16.1,1.7,2.0,1.0,23.43
22.0,Male,86.6,1.73,135.0,108.0,65.0,0.48,326.0,Cardio,26.9,2.4,3.0,1.0,28.35
25.0,Female,47.7,1.7,190.0,145.0,68.0,0.91,692.0,Cardio,21.8,2.4,4.0,2.0,16.5
38.0,Female,73.5,1.75,177.0,144.0,67.0,1.06,654.0,Cardio,22.2,1.6,4.0,1.0,23.79
48.0,Male,75.6,1.79,168.0,133.0,71.0,1.12,856.0,HIIT,18.0,2.8,3.0,1.0,23.16
51.0,Male,52.3,1.7,175.0,149.0,71.0,1.29,452.0,Strength,18.3,3.3,4.0,3.0,18.78
28.0,Female,82.8,1.79,180.0,161.0,65.0,1.3,439.0,Cardio,26.8,3.5,5.0,3.0,26.13
47.0,Female,60.8,1.72,164.0,143.0,55.0,1.24,802.0,Strength,26.8,3.8,4.0,3.0,20.53
27.0,Female,60.0,1.61,140.0,123.0,73.0,0.57,1094.0,Strength,26.4,2.4,4.0,2.0,23.23
58.0,Male,90.4,1.71,175.0,140.0,86.0,0.83,852.0,Strength,26.9,2.7,4.0,2.0,30.82
22.0,Male,77.5,1.69,176.0,151.0,76.0,1.06,1245.0,Strength,23.2,3.3,5.0,3.0,26.7
52.0,Male,87.4,1.81,158.0,122.0,51.0,0.54,824.0,Yoga,24.2,1.7,2.0,1.0,27.04
28.0,Female,72.4,1.67,148.0,119.0,72.0,0.79,814.0,Yoga,30.2,1.3,1.0,1.0,26.26
60.0,Female,67.3,1.7,167.0,141.0,75.0,0.91,869.0,Yoga,27.2,2.2,4.0,2.0,22.6
43.0,Female,81.6,1.61,142.0,123.0,67.0,0.92,1126.0,Cardio,30.9,3.0,3.0,2.0,31.56
24.0,Female,66.4,1.57,172.0,142.0,65.0,0.92,1048.0,Strength,32.3,2.2,4.0,2.0,27.06
30.0,Female,57.7,1.68,190.0,164.0,62.0,1.48,312.0,Yoga,25.3,3.0,5.0,3.0,20.33
45.0,Male,69.9,1.94,174.0,139.0,72.0,0.83,907.0,Yoga,18.0,2.7,4.0,1.0,19.31
49.0,Female,73.4,1.66,146.0,124.0,64.0,0.69,733.0,Yoga,28.6,2.2,2.0,2.0,27.33
35.0,Male,59.1,1.56,150.0,117.0,80.0,0.64,584.0,Yoga,22.9,1.5,2.0,1.0,24.15
37.0,Female,50.7,1.63,168.0,127.0,72.0,0.66,80.0,Cardio,16.8,2.3,2.0,1.0,19.0
45.0,Female,75.5,1.7,149.0,119.0,65.0,0.69,154.0,Strength,28.6,1.9,3.0,1.0,26.01
38.0,Male,70.9,1.76,159.0,125.0,76.0,0.98,533.0,Strength,25.2,3.2,4.0,2.0,22.67
20.0,Male,79.4,1.75,177.0,144.0,57.0,1.09,185.0,Strength,23.4,3.0,3.0,2.0,25.6
26.0,Female,64.5,1.57,145.0,102.0,68.0,0.65,535.0,Yoga,28.2,1.9,2.0,1.0,26.34
39.0,Male,69.5,1.77,152.0,121.0,68.0,0.91,878.0,Strength,18.0,2.9,4.0,2.0,22.87
51.0,Female,73.4,1.69,184.0,150.0,79.0,1.3,470.0,HIIT,29.0,3.0,4.0,2.0,26.24
55.0,Female,63.8,1.68,142.0,114.0,67.0,0.39,671.0,Yoga,24.5,1.3,1.0,1.0,22.88
45.0,Female,57.7,1.61,160.0,138.0,53.0,1.07,310.0,Yoga,28.7,2.4,3.0,1.0,21.42
39.0,Female,61.0,1.67,147.0,129.0,64.0,1.03,747.0,Cardio,21.9,3.2,3.0,2.0,21.22
45.0,Male,76.8,1.65,179.0,141.0,71.0,0.97,814.0,Yoga,23.2,2.1,4.0,2.0,28.58
28.0,Female,64.6,1.66,139.0,119.0,77.0,0.61,191.0,Yoga,23.9,2.1,3.0,1.0,24.01
34.0,Male,87.1,1.73,164.0,130.0,84.0,0.65,407.0,Cardio,30.8,1.8,4.0,1.0,29.3
26.0,Male,98.0,1.77,162.0,131.0,82.0,0.36,240.0,Strength,26.5,1.6,3.0,2.0,31.17
21.0,Female,67.6,1.79,173.0,138.0,69.0,1.22,816.0,Strength,22.2,2.1,4.0,2.0,21.57
40.0,Female,40.2,1.56,148.0,124.0,66.0,0.56,699.0,Cardio,13.9,1.5,4.0,1.0,16.78
38.0,Female,75.9,1.65,172.0,150.0,79.0,1.11,638.0,Yoga,26.6,2.2,4.0,2.0,28.28
44.0,Male,75.7,1.83,181.0,150.0,65.0,0.73,610.0,Strength,21.7,3.2,3.0,1.0,21.95
43.0,Male,58.4,1.66,150.0,124.0,67.0,0.49,749.0,Strength,20.5,2.1,2.0,1.0,21.31
39.0,Male,62.1,1.67,133.0,115.0,69.0,0.75,757.0,Strength,17.9,2.5,1.0,1.0,22.89
43.0,Female,68.6,1.73,148.0,104.0,63.0,0.63,486.0,Strength,23.6,2.6,2.0,1.0,23.11
35.0,Female,81.1,1.66,142.0,120.0,69.0,0.73,444.0,Strength,36.1,1.6,3.0,1.0,29.76
41.0,Male,67.5,1.64,149.0,129.0,70.0,0.65,629.0,Strength,30.2,1.7,3.0,1.0,25.11
27.0,Female,75.8,1.64,184.0,158.0,69.0,1.26,596.0,HIIT,33.0,3.1,5.0,2.0,28.22
40.0,Male,75.3,1.69,130.0,85.0,69.0,0.55,1301.0,Strength,27.8,1.8,3.0,1.0,26.86
44.0,Female,58.2,1.6,156.0,145.0,59.0,0.79,528.0,Strength,30.5,2.8,4.0,2.0,22.5
28.0,Female,50.4,1.52,200.0,163.0,53.0,1.5,751.0,HIIT,31.1,3.6,6.0,3.0,21.55
37.0,Male,82.5,1.76,136.0,115.0,73.0,0.89,797.0,Yoga,22.4,1.4,2.0,2.0,26.47
29.0,Female,86.6,1.79,176.0,146.0,69.0,0.81,1099.0,Cardio,26.0,2.3,3.0,2.0,27.04
30.0,Male,76.5,1.68,183.0,160.0,60.0,1.12,396.0,Strength,29.2,2.7,3.0,3.0,26.54
23.0,Female,66.2,1.7,173.0,129.0,65.0,0.92,1079.0,Strength,22.4,2.2,4.0,2.0,23.16
51.0,Male,76.2,1.74,160.0,131.0,75.0,0.7,601.0,Strength,19.0,1.8,3.0,1.0,25.11
49.0,Male,76.3,1.69,130.0,105.0,82.0,0.62,1445.0,Strength,20.4,1.9,2.0,1.0,27.01
42.0,Male,71.4,1.76,143.0,117.0,67.0,0.72,763.0,Yoga,20.0,2.1,2.0,1.0,22.31
60.0,Male,59.3,1.74,163.0,134.0,69.0,0.96,258.0,Strength,11.7,2.5,4.0,2.0,19.89
34.0,Male,62.0,1.75,175.0,146.0,71.0,1.27,592.0,HIIT,13.9,3.2,5.0,3.0,20.71
70.0,Male,77.4,1.86,189.0,157.0,59.0,1.65,1087.0,HIIT,18.0,2.8,5.0,3.0,22.53
33.0,Female,73.6,1.65,159.0,131.0,72.0,0.57,674.0,Strength,25.0,2.6,2.0,1.0,27.04
39.0,Female,79.0,1.66,165.0,148.0,68.0,1.22,636.0,Yoga,33.1,2.2,4.0,2.0,28.97
31.0,Male,54.0,1.67,150.0,125.0,63.0,0.87,879.0,Yoga,17.5,1.6,1.0,1.0,19.81
40.0,Female,50.5,1.55,170.0,137.0,65.0,1.37,544.0,Cardio,25.6,2.7,5.0,3.0,21.2
46.0,Female,57.0,1.57,130.0,105.0,72.0,0.36,575.0,Yoga,26.9,2.3,2.0,1.0,23.33
35.0,Male,83.4,1.78,189.0,156.0,68.0,1.29,354.0,HIIT,22.4,3.2,4.0,3.0,26.9
57.0,Female,58.2,1.63,164.0,136.0,60.0,0.89,1204.0,Strength,27.5,3.1,4.0,1.0,22.17
39.0,Male,70.0,1.75,139.0,113.0,72.0,0.65,255.0,Yoga,21.7,2.2,2.0,1.0,22.58
39.0,Male,64.8,1.84,175.0,137.0,82.0,0.49,702.0,Yoga,16.4,2.4,3.0,1.0,19.58
25.0,Female,68.4,1.63,151.0,137.0,83.0,1.08,806.0,Yoga,22.5,3.1,4.0,1.0,25.7
41.0,Male,84.4,1.88,146.0,123.0,81.0,0.8,644.0,Strength,22.7,1.7,1.0,1.0,23.89
34.0,Female,56.2,1.62,184.0,146.0,60.0,1.15,253.0,Strength,20.3,2.4,4.0,3.0,21.45
29.0,Male,71.5,1.79,198.0,155.0,67.0,1.23,336.0,Strength,21.0,4.0,5.0,3.0,22.65
27.0,Male,83.4,1.72,205.0,162.0,65.0,0.81,820.0,Cardio,24.8,2.8,4.0,2.0,28.8
68.0,Female,60.5,1.71,137.0,109.0,74.0,0.7,396.0,Yoga,19.5,2.3,3.0,1.0,20.7
33.0,Female,49.2,1.52,144.0,112.0,67.0,0.91,80.0,Strength,24.8,2.5,3.0,1.0,21.9
19.0,Female,66.7,1.51,144.0,109.0,60.0,0.66,769.0,Cardio,31.0,1.5,2.0,1.0,29.31
28.0,Female,64.2,1.65,205.0,170.0,62.0,1.36,379.0,Strength,26.5,2.5,5.0,3.0,24.07
35.0,Female,74.5,1.66,157.0,126.0,77.0,0.61,849.0,Yoga,29.1,1.6,2.0,1.0,27.11
43.0,Male,82.5,1.78,148.0,113.0,74.0,0.57,581.0,Cardio,20.9,2.3,2.0,1.0,25.87
43.0,Female,63.2,1.61,141.0,109.0,75.0,0.75,566.0,Yoga,28.3,1.9,1.0,1.0,25.05
44.0,Male,76.8,1.87,200.0,168.0,66.0,1.27,674.0,Cardio,17.5,2.8,5.0,2.0,21.76
28.0,Female,75.3,1.65,143.0,122.0,75.0,0.71,283.0,Cardio,25.9,2.0,3.0,1.0,27.43
40.0,Male,77.3,1.67,193.0,168.0,68.0,1.37,394.0,Cardio,26.2,2.1,5.0,3.0,27.28
25.0,Female,86.8,1.76,159.0,135.0,66.0,1.02,568.0,HIIT,32.2,2.8,3.0,2.0,28.47
29.0,Female,51.5,1.63,159.0,141.0,69.0,1.05,286.0,Strength,24.3,1.7,4.0,1.0,19.91
25.0,Male,98.8,1.87,172.0,157.0,76.0,1.16,884.0,Cardio,24.0,2.5,5.0,3.0,28.38
22.0,Female,74.7,1.82,155.0,130.0,69.0,0.83,551.0,Yoga,19.2,1.9,2.0,3.0,22.21
49.0,Male,76.1,1.93,179.0,153.0,64.0,1.28,192.0,Strength,22.8,2.4,5.0,3.0,20.43
44.0,Female,68.1,1.69,135.0,106.0,73.0,0.65,466.0,Strength,20.2,2.2,2.0,2.0,23.74
48.0,Male,92.6,1.85,173.0,141.0,66.0,0.89,684.0,Yoga,25.4,3.0,5.0,2.0,26.7
36.0,Male,81.3,1.77,174.0,144.0,65.0,1.01,510.0,Strength,29.1,1.7,4.0,2.0,25.78
45.0,Male,70.2,1.75,172.0,146.0,69.0,1.11,782.0,Strength,20.8,2.2,3.0,2.0,23.1
18.0,Female,73.0,1.66,182.0,161.0,60.0,1.47,842.0,Yoga,29.1,2.0,5.0,3.0,26.28
46.0,Female,65.7,1.66,188.0,153.0,63.0,1.5,1426.0,Cardio,27.2,2.5,6.0,3.0,23.94
38.0,Female,56.3,1.61,179.0,152.0,62.0,0.77,1020.0,Cardio,25.0,2.5,4.0,2.0,21.1
44.0,Female,59.2,1.67,170.0,145.0,69.0,0.8,127.0,Strength,31.0,2.8,4.0,2.0,21.81
41.0,Female,81.6,1.79,177.0,150.0,72.0,0.93,537.0,Cardio,24.8,1.5,5.0,2.0,25.33
24.0,Male,72.4,1.73,155.0,133.0,71.0,0.66,563.0,Yoga,18.4,2.3,2.0,1.0,24.5
18.0,Male,55.7,1.7,141.0,117.0,58.0,0.61,830.0,Yoga,16.4,1.7,3.0,1.0,19.34
27.0,Male,77.3,1.67,146.0,122.0,76.0,0.57,348.0,Cardio,29.4,1.6,2.0,1.0,27.86
43.0,Female,57.3,1.59,152.0,126.0,73.0,0.6,477.0,Cardio,23.4,2.1,1.0,1.0,22.27
44.0,Female,81.2,1.63,140.0,107.0,65.0,0.72,248.0,Yoga,32.7,2.4,2.0,1.0,30.3
20.0,Male,67.0,1.9,156.0,125.0,73.0,0.77,456.0,Strength,20.1,2.4,4.0,2.0,18.3
24.0,Female,72.9,1.75,145.0,105.0,62.0,1.0,467.0,Cardio,28.4,1.6,2.0,1.0,23.81
27.0,Female,52.8,1.6,191.0,153.0,71.0,1.29,556.0,Cardio,26.6,2.8,4.0,2.0,21.09
32.0,Female,53.0,1.62,177.0,133.0,68.0,1.13,273.0,Yoga,27.4,2.1,4.0,2.0,20.35
20.0,Male,75.9,1.83,136.0,104.0,56.0,0.56,958.0,Yoga,21.0,2.4,2.0,1.0,22.35
19.0,Male,98.9,1.78,151.0,119.0,73.0,0.74,799.0,Yoga,25.6,2.6,3.0,1.0,31.25
26.0,Female,79.4,1.78,141.0,117.0,69.0,0.67,183.0,Cardio,27.5,2.6,3.0,1.0,25.03
37.0,Female,55.9,1.66,201.0,166.0,60.0,1.42,667.0,Cardio,22.2,2.8,5.0,3.0,20.16
22.0,Female,48.9,1.67,161.0,138.0,67.0,0.62,148.0,Yoga,28.6,2.6,2.0,1.0,17.53
35.0,Female,46.1,1.63,157.0,141.0,67.0,1.2,1083.0,Yoga,19.3,2.0,5.0,2.0,17.62
49.0,Male,71.2,1.83,187.0,147.0,61.0,1.07,1170.0,Strength,20.5,3.6,5.0,3.0,21.01
20.0,Female,64.0,1.75,178.0,160.0,51.0,1.43,640.0,HIIT,19.2,2.3,5.0,3.0,20.78
34.0,Male,78.3,1.82,150.0,118.0,81.0,0.67,374.0,Cardio,21.3,1.2,3.0,1.0,23.98
48.0,Female,43.8,1.63,137.0,116.0,70.0,0.5,433.0,Strength,19.3,2.7,2.0,1.0,16.65
31.0,Female,70.6,1.71,146.0,109.0,67.0,0.94,503.0,Cardio,28.3,1.8,2.0,1.0,24.59
29.0,Male,104.7,1.92,151.0,113.0,64.0,0.93,614.0,Yoga,26.8,2.2,2.0,1.0,28.9
50.0,Female,80.5,1.62,148.0,116.0,77.0,0.34,1082.0,Strength,35.8,1.6,2.0,1.0,30.2
32.0,Male,57.2,1.85,182.0,144.0,59.0,1.0,958.0,Strength,19.4,3.5,4.0,2.0,16.81
49.0,Female,60.6,1.73,187.0,159.0,65.0,1.4,968.0,Strength,23.0,3.6,6.0,3.0,20.07
41.0,Male,64.0,1.76,200.0,154.0,64.0,1.04,709.0,Strength,15.7,3.1,4.0,2.0,20.24
32.0,Female,67.4,1.66,177.0,143.0,64.0,1.2,285.0,Cardio,24.1,2.5,4.0,2.0,24.18
42.0,Female,49.0,1.57,143.0,122.0,64.0,0.85,402.0,Yoga,23.8,2.5,2.0,1.0,19.77
40.0,Male,90.7,1.73,162.0,133.0,64.0,1.01,671.0,Strength,26.7,2.4,3.0,2.0,30.2
48.0,Female,66.3,1.66,153.0,126.0,68.0,1.31,268.0,Cardio,27.0,3.0,3.0,2.0,23.85
29.0,Female,62.2,1.65,174.0,148.0,66.0,1.43,754.0,HIIT,23.7,2.6,4.0,3.0,22.84
36.0,Male,108.2,1.92,162.0,147.0,59.0,1.24,912.0,Cardio,29.8,3.5,4.0,3.0,30.21
35.0,Male,68.2,1.67,130.0,92.0,71.0,0.57,817.0,Yoga,17.1,1.9,4.0,1.0,23.85
44.0,Male,86.2,1.82,130.0,108.0,78.0,0.84,809.0,Cardio,21.0,1.9,2.0,1.0,26.42
24.0,Male,82.3,1.95,142.0,134.0,60.0,0.53,80.0,Yoga,16.1,1.9,2.0,1.0,21.64
48.0,Male,61.1,1.78,147.0,122.0,72.0,0.59,1073.0,Yoga,16.8,2.2,3.0,1.0,19.13
42.0,Male,65.0,1.76,172.0,150.0,57.0,1.25,154.0,Strength,22.5,2.6,4.0,3.0,20.28
20.0,Male,93.7,1.69,143.0,122.0,65.0,0.7,599.0,Strength,27.4,2.3,2.0,1.0,33.07
50.0,Female,74.2,1.68,130.0,116.0,70.0,0.94,847.0,Cardio,28.3,2.2,5.0,1.0,25.79
63.0,Female,57.6,1.52,160.0,139.0,64.0,0.77,765.0,Cardio,28.9,2.8,3.0,2.0,25.22
48.0,Male,65.1,1.77,158.0,131.0,63.0,0.82,241.0,Strength,17.6,2.8,4.0,1.0,21.39
53.0,Male,78.9,1.68,140.0,117.0,81.0,0.59,294.0,HIIT,25.5,2.1,3.0,1.0,27.51
37.0,Female,58.7,1.77,149.0,118.0,74.0,1.27,743.0,Cardio,22.7,3.4,4.0,2.0,19.15
18.0,Female,41.5,1.52,171.0,132.0,54.0,1.02,815.0,Cardio,18.0,3.0,4.0,2.0,17.97
18.0,Female,62.4,1.67,163.0,131.0,62.0,0.84,295.0,Yoga,23.5,3.1,2.0,1.0,21.64
39.0,Male,91.2,1.69,157.0,121.0,76.0,0.74,773.0,Yoga,28.6,2.1,2.0,1.0,31.51
29.0,Male,112.3,1.9,159.0,122.0,66.0,1.17,166.0,Cardio,30.7,1.7,3.0,3.0,31.17
25.0,Female,61.3,1.64,162.0,142.0,83.0,0.74,850.0,Strength,29.1,1.8,2.0,1.0,22.93
35.0,Male,59.2,1.69,173.0,141.0,68.0,1.33,372.0,Strength,24.9,2.5,5.0,3.0,20.17
43.0,Male,49.1,1.64,152.0,116.0,74.0,0.81,673.0,Strength,18.1,1.7,2.0,1.0,18.27
19.0,Male,74.2,1.73,133.0,108.0,65.0,1.02,620.0,Yoga,20.6,1.1,3.0,1.0,25.08
31.0,Female,70.9,1.7,148.0,126.0,71.0,0.93,1021.0,Strength,26.4,2.9,4.0,2.0,24.88
54.0,Male,80.5,1.73,163.0,131.0,59.0,1.09,729.0,Strength,23.2,1.6,5.0,3.0,26.75
23.0,Male,92.6,1.84,158.0,142.0,77.0,0.97,460.0,Yoga,22.7,2.9,2.0,2.0,27.5
46.0,Male,72.7,1.75,150.0,131.0,75.0,0.73,764.0,Yoga,22.1,3.1,1.0,1.0,24.11
30.0,Female,70.0,1.66,173.0,150.0,58.0,1.3,1341.0,HIIT,28.6,2.4,5.0,3.0,25.7
43.0,Male,62.8,1.72,158.0,126.0,74.0,0.65,884.0,Cardio,15.5,2.6,4.0,3.0,21.54
49.0,Male,83.1,1.79,171.0,141.0,84.0,0.94,633.0,Yoga,26.0,2.3,3.0,1.0,25.98
45.0,Female,60.7,1.64,159.0,123.0,70.0,0.8,382.0,Yoga,19.5,2.5,1.0,1.0,22.54
47.0,Female,71.5,1.65,141.0,120.0,76.0,0.54,449.0,Strength,27.3,1.6,2.0,1.0,26.36
22.0,Male,83.0,1.81,159.0,139.0,65.0,1.11,870.0,Strength,25.7,2.4,3.0,3.0,25.07
49.0,Male,67.4,1.65,149.0,117.0,73.0,0.68,363.0,Cardio,23.6,2.6,1.0,1.0,25.15
26.0,Female,71.5,1.63,159.0,137.0,57.0,0.94,652.0,Strength,27.5,2.4,5.0,1.0,26.38
39.0,Female,52.3,1.68,139.0,116.0,72.0,0.79,1107.0,Cardio,27.7,1.4,2.0,1.0,18.35
39.0,Female,56.3,1.71,178.0,165.0,64.0,1.39,706.0,Strength,21.1,3.4,5.0,3.0,19.24
42.0,Male,71.7,1.77,188.0,158.0,81.0,1.03,309.0,HIIT,14.3,1.9,3.0,2.0,23.05
40.0,Male,59.7,1.83,196.0,156.0,51.0,1.44,1354.0,HIIT,17.6,2.8,5.0,3.0,18.06
26.0,Female,66.9,1.73,156.0,136.0,66.0,1.0,1216.0,Cardio,19.5,2.7,3.0,1.0,22.87
20.0,Female,56.9,1.57,157.0,121.0,81.0,0.4,805.0,Cardio,23.0,2.2,2.0,1.0,23.11
46.0,Female,91.5,1.78,157.0,129.0,66.0,0.91,1058.0,Strength,32.0,3.6,4.0,2.0,28.63
38.0,Female,59.5,1.56,158.0,144.0,67.0,0.7,565.0,Yoga,25.2,2.8,4.0,2.0,24.4
50.0,Male,94.2,1.84,161.0,140.0,62.0,1.07,884.0,Strength,26.0,2.4,4.0,1.0,27.71
35.0,Male,78.5,1.75,134.0,114.0,65.0,0.78,512.0,Cardio,19.0,2.4,1.0,1.0,25.81
19.0,Female,70.8,1.8,170.0,145.0,55.0,1.11,220.0,Cardio,27.1,2.5,4.0,2.0,21.48
48.0,Female,61.7,1.61,185.0,154.0,60.0,1.36,1486.0,Cardio,21.0,2.8,5.0,3.0,23.74
32.0,Female,69.1,1.61,169.0,126.0,61.0,1.12,201.0,Cardio,32.3,2.6,3.0,2.0,27.23
40.0,Male,82.9,1.69,139.0,122.0,73.0,0.41,740.0,Yoga,23.8,1.9,2.0,1.0,29.09
28.0,Male,75.8,1.8,162.0,138.0,62.0,0.95,743.0,Strength,25.3,2.5,4.0,2.0,23.03
56.0,Male,55.9,1.78,167.0,146.0,65.0,0.76,816.0,Cardio,13.6,2.2,4.0,2.0,17.52
25.0,Female,45.1,1.64,180.0,162.0,61.0,1.24,628.0,Cardio,26.2,1.9,5.0,3.0,15.99
32.0,Male,73.7,1.78,146.0,117.0,72.0,0.89,623.0,Yoga,17.7,2.6,2.0,1.0,23.24
37.0,Female,44.9,1.65,141.0,113.0,68.0,0.81,692.0,Cardio,14.8,1.8,3.0,1.0,17.07
23.0,Male,91.9,1.73,149.0,136.0,61.0,1.07,806.0,Strength,26.7,2.5,2.0,2.0,30.29
40.0,Male,82.0,1.77,168.0,140.0,69.0,0.94,651.0,Strength,26.6,2.1,4.0,3.0,25.66
55.0,Female,65.0,1.74,159.0,141.0,75.0,0.82,629.0,Yoga,26.6,2.1,4.0,3.0,21.24
30.0,Male,76.4,1.97,167.0,139.0,69.0,1.0,229.0,Strength,21.2,2.0,4.0,2.0,20.01
41.0,Female,83.1,1.71,155.0,117.0,68.0,0.82,1292.0,Strength,32.2,2.5,2.0,1.0,29.02
18.0,Male,63.7,1.8,178.0,146.0,67.0,1.03,824.0,Cardio,15.3,3.0,4.0,1.0,19.82
36.0,Female,59.6,1.7,140.0,111.0,58.0,0.41,711.0,Yoga,25.8,2.1,2.0,1.0,20.17
32.0,Female,56.0,1.61,167.0,143.0,71.0,0.67,450.0,Cardio,24.6,1.9,1.0,2.0,21.6
26.0,Female,60.0,1.57,173.0,144.0,65.0,0.68,329.0,Cardio,24.3,1.7,3.0,3.0,24.97
49.0,Female,70.6,1.64,158.0,125.0,61.0,1.09,926.0,Cardio,28.5,2.8,4.0,2.0,26.14
32.0,Female,85.2,1.75,188.0,156.0,59.0,1.19,604.0,Cardio,29.1,2.5,4.0,3.0,27.87
34.0,Female,78.5,1.66,153.0,126.0,69.0,0.47,845.0,Yoga,34.0,1.6,3.0,1.0,28.57
31.0,Male,79.4,1.8,145.0,115.0,79.0,0.77,214.0,Cardio,20.1,2.1,3.0,2.0,23.97
18.0,Female,69.6,1.6,156.0,139.0,72.0,1.37,1150.0,Cardio,27.1,2.6,6.0,3.0,27.54
22.0,Female,64.9,1.72,130.0,108.0,66.0,0.68,934.0,Yoga,22.5,1.4,3.0,2.0,22.24
48.0,Male,57.6,1.81,157.0,123.0,68.0,0.98,624.0,Yoga,21.8,1.5,2.0,1.0,16.88
18.0,Male,69.5,1.78,135.0,100.0,69.0,0.75,795.0,Strength,17.6,2.3,2.0,1.0,21.47
27.0,Female,58.1,1.67,151.0,122.0,74.0,0.87,886.0,Strength,27.6,2.2,2.0,2.0,20.49
31.0,Female,60.4,1.7,199.0,159.0,65.0,1.37,229.0,HIIT,20.6,3.0,5.0,3.0,21.16
57.0,Male,72.4,1.89,166.0,134.0,69.0,0.93,1188.0,Strength,19.7,2.5,5.0,2.0,20.01
45.0,Male,69.4,1.77,155.0,129.0,72.0,1.16,807.0,Strength,20.5,2.9,3.0,1.0,22.29
29.0,Female,78.5,1.71,131.0,113.0,68.0,0.69,421.0,HIIT,32.2,1.7,2.0,1.0,26.78
52.0,Male,91.8,1.72,143.0,103.0,82.0,0.71,294.0,Yoga,30.1,2.2,2.0,1.0,31.06
27.0,Female,45.0,1.61,175.0,141.0,68.0,0.75,966.0,Yoga,21.1,2.7,4.0,3.0,17.53
48.0,Female,45.3,1.52,152.0,110.0,66.0,0.66,713.0,Cardio,21.1,1.8,3.0,1.0,19.7
20.0,Male,65.8,1.75,158.0,113.0,70.0,0.64,800.0,HIIT,24.1,2.6,1.0,2.0,21.48
49.0,Male,91.8,1.83,139.0,121.0,81.0,0.5,654.0,Strength,22.0,1.4,1.0,1.0,27.53
31.0,Male,73.5,1.76,133.0,115.0,69.0,0.62,325.0,Yoga,14.2,1.7,3.0,1.0,23.8
24.0,Female,60.4,1.69,134.0,129.0,75.0,1.04,814.0,Strength,18.3,1.7,4.0,1.0,21.07
33.0,Female,69.9,1.62,151.0,116.0,64.0,0.97,586.0,Cardio,23.5,2.1,3.0,2.0,26.48
39.0,Female,74.7,1.63,155.0,122.0,67.0,0.44,638.0,Cardio,31.3,2.0,3.0,1.0,28.77
30.0,Female,64.1,1.64,166.0,137.0,73.0,0.93,1412.0,Yoga,32.7,2.8,3.0,2.0,23.68
43.0,Female,63.7,1.75,149.0,131.0,62.0,0.9,928.0,Cardio,17.5,2.4,4.0,1.0,21.28
29.0,Male,79.0,1.78,153.0,126.0,74.0,1.0,947.0,Cardio,19.6,2.2,3.0,2.0,24.69
43.0,Male,65.0,1.68,165.0,136.0,70.0,0.98,1522.0,Yoga,20.7,1.8,4.0,2.0,23.31
41.0,Male,72.2,1.75,157.0,123.0,66.0,0.59,770.0,Yoga,25.5,1.6,1.0,1.0,24.2
35.0,Female,60.5,1.66,167.0,137.0,67.0,0.9,689.0,Yoga,22.2,2.6,3.0,2.0,21.84
31.0,Female,69.1,1.57,167.0,134.0,68.0,0.66,431.0,Cardio,31.2,2.5,3.0,1.0,27.8
38.0,Male,92.8,1.91,152.0,125.0,74.0,0.79,504.0,Yoga,21.6,1.9,2.0,1.0,25.29
43.0,Female,81.2,1.69,154.0,117.0,85.0,0.69,80.0,Strength,37.6,2.6,3.0,1.0,28.42
61.0,Male,96.0,1.82,176.0,143.0,65.0,1.18,907.0,Yoga,25.6,2.0,4.0,2.0,29.09
47.0,Female,68.9,1.62,137.0,118.0,76.0,0.82,243.0,Cardio,29.1,1.9,2.0,2.0,26.24
48.0,Male,63.7,1.68,157.0,118.0,72.0,0.87,937.0,Strength,20.3,2.0,3.0,1.0,22.42
70.0,Male,100.6,1.9,187.0,149.0,68.0,1.18,641.0,HIIT,23.0,3.1,3.0,3.0,28.55
42.0,Male,84.2,1.79,141.0,109.0,71.0,0.88,688.0,Strength,25.9,2.2,2.0,1.0,26.21
42.0,Male,106.5,1.76,148.0,118.0,66.0,0.48,632.0,Cardio,26.0,1.3,3.0,1.0,34.16
44.0,Male,85.1,1.82,171.0,130.0,74.0,0.75,1092.0,Strength,16.5,2.5,2.0,1.0,25.98
24.0,Female,72.1,1.63,136.0,121.0,70.0,0.83,1035.0,Strength,28.3,2.9,3.0,1.0,27.43
31.0,Male,82.0,1.79,152.0,114.0,66.0,0.86,639.0,Cardio,24.9,2.0,2.0,1.0,26.09
30.0,Male,66.5,1.66,130.0,101.0,79.0,0.53,356.0,Strength,19.6,1.7,2.0,1.0,24.81
44.0,Male,82.2,1.87,132.0,95.0,73.0,0.75,940.0,Cardio,21.4,2.5,3.0,1.0,23.63
34.0,Female,72.3,1.7,186.0,157.0,66.0,0.98,342.0,Yoga,23.4,3.3,3.0,3.0,24.92
38.0,Female,69.7,1.66,175.0,157.0,73.0,1.57,161.0,Cardio,30.4,3.2,4.0,3.0,24.63
49.0,Male,87.6,1.76,154.0,130.0,55.0,0.76,808.0,HIIT,26.6,1.7,4.0,2.0,27.95
46.0,Male,78.6,1.77,175.0,139.0,77.0,0.85,1041.0,Cardio,22.1,2.8,4.0,2.0,25.16
34.0,Female,57.9,1.64,171.0,145.0,58.0,1.02,523.0,Cardio,24.7,3.0,4.0,3.0,21.11
28.0,Female,59.3,1.64,174.0,151.0,65.0,1.31,785.0,Cardio,20.5,2.4,5.0,2.0,21.49
50.0,Female,41.3,1.48,150.0,127.0,64.0,1.31,520.0,Cardio,18.1,3.0,3.0,2.0,18.88
45.0,Female,78.7,1.63,173.0,140.0,58.0,1.28,885.0,Strength,30.3,3.0,4.0,3.0,29.89
18.0,Female,51.7,1.56,175.0,133.0,73.0,1.31,1004.0,HIIT,25.5,3.4,3.0,3.0,21.16
32.0,Female,76.9,1.67,131.0,120.0,81.0,1.05,566.0,Strength,30.8,2.0,4.0,2.0,27.89
38.0,Female,68.8,1.66,196.0,146.0,66.0,0.95,323.0,Yoga,25.9,2.6,3.0,2.0,25.18
45.0,Male,79.5,1.76,138.0,108.0,74.0,0.7,180.0,Cardio,24.8,1.7,1.0,1.0,26.07
47.0,Female,73.7,1.75,156.0,123.0,72.0,0.71,944.0,Yoga,30.5,2.2,3.0,1.0,24.83
39.0,Female,56.9,1.65,171.0,146.0,80.0,0.84,288.0,Strength,23.5,3.1,4.0,3.0,21.81
43.0,Female,66.2,1.81,164.0,136.0,53.0,0.96,770.0,Strength,24.1,1.8,3.0,2.0,20.46
37.0,Female,86.6,1.67,145.0,115.0,75.0,0.76,896.0,HIIT,31.2,1.5,3.0,1.0,30.89
28.0,Male,76.2,1.77,157.0,137.0,63.0,1.11,492.0,Cardio,21.1,2.9,5.0,3.0,24.34
33.0,Male,81.4,1.7,154.0,132.0,52.0,1.16,599.0,HIIT,25.0,2.4,4.0,2.0,28.72
36.0,Female,76.5,1.62,185.0,148.0,65.0,1.02,973.0,Strength,35.4,3.0,4.0,2.0,28.84
36.0,Female,65.5,1.69,153.0,137.0,85.0,0.7,391.0,Yoga,28.1,1.7,2.0,1.0,23.44
18.0,Female,65.2,1.58,164.0,132.0,67.0,0.76,358.0,Yoga,30.4,2.1,2.0,1.0,26.06
31.0,Female,64.0,1.63,139.0,114.0,74.0,0.88,573.0,Strength,24.9,2.8,3.0,2.0,24.17
37.0,Female,52.5,1.64,152.0,132.0,76.0,0.87,1059.0,Yoga,19.9,2.5,4.0,2.0,19.24
33.0,Female,59.3,1.62,198.0,154.0,64.0,1.27,1171.0,Yoga,26.2,2.0,4.0,2.0,22.13
33.0,Female,74.7,1.71,179.0,159.0,65.0,1.1,623.0,Cardio,31.2,4.1,4.0,3.0,25.45
42.0,Male,62.6,1.71,156.0,137.0,52.0,1.35,427.0,HIIT,24.3,2.9,4.0,3.0,21.86
23.0,Female,69.6,1.73,130.0,101.0,67.0,0.81,986.0,Yoga,18.3,1.5,2.0,1.0,23.01
18.0,Female,63.3,1.63,153.0,131.0,78.0,0.54,113.0,Strength,33.4,2.2,2.0,1.0,24.39
32.0,Female,97.3,1.73,140.0,112.0,72.0,0.72,726.0,Yoga,34.3,2.3,2.0,1.0,32.31
45.0,Female,40.7,1.55,150.0,121.0,71.0,0.88,635.0,Strength,23.3,2.9,4.0,1.0,16.57
56.0,Female,60.6,1.55,173.0,143.0,65.0,1.14,1068.0,HIIT,21.9,3.2,4.0,3.0,25.31
45.0,Female,58.0,1.57,149.0,122.0,87.0,0.96,1096.0,Cardio,25.1,2.0,2.0,1.0,23.77
18.0,Female,58.4,1.65,150.0,128.0,65.0,0.82,348.0,Cardio,26.6,1.7,4.0,3.0,21.52
33.0,Female,70.2,1.73,153.0,120.0,83.0,0.46,699.0,Yoga,22.2,2.3,3.0,1.0,23.51
39.0,Male,79.1,1.71,135.0,108.0,73.0,0.68,463.0,Strength,15.0,1.4,2.0,1.0,27.61
38.0,Male,92.3,1.84,130.0,101.0,84.0,0.69,551.0,Cardio,24.8,2.6,2.0,1.0,27.3
42.0,Female,67.0,1.63,172.0,132.0,63.0,0.75,847.0,Cardio,27.0,1.8,2.0,2.0,25.05
25.0,Female,78.4,1.69,185.0,158.0,65.0,1.59,552.0,Cardio,33.3,3.1,5.0,3.0,27.05
37.0,Male,92.9,1.78,152.0,115.0,69.0,0.53,707.0,Strength,25.0,1.8,2.0,2.0,29.77
41.0,Male,104.8,1.97,169.0,131.0,69.0,0.88,956.0,Cardio,23.3,2.2,4.0,3.0,26.86
46.0,Female,53.1,1.56,189.0,151.0,77.0,1.21,1140.0,HIIT,26.6,2.1,4.0,2.0,21.7
26.0,Female,68.4,1.61,158.0,124.0,75.0,0.79,741.0,Yoga,31.2,2.4,2.0,1.0,26.76
32.0,Female,79.0,1.73,157.0,129.0,81.0,0.77,687.0,Yoga,26.0,1.8,1.0,1.0,27.11
18.0,Male,79.1,1.95,157.0,130.0,63.0,0.88,296.0,Cardio,21.5,2.8,4.0,2.0,20.89
29.0,Female,47.5,1.6,145.0,119.0,66.0,0.82,1155.0,Strength,20.3,1.8,3.0,1.0,18.51
30.0,Female,50.0,1.74,169.0,158.0,64.0,1.41,816.0,Strength,20.2,2.7,5.0,3.0,16.51
24.0,Female,64.2,1.61,146.0,112.0,72.0,0.68,690.0,Yoga,28.8,2.1,2.0,1.0,24.61
38.0,Female,76.7,1.75,165.0,135.0,67.0,0.88,678.0,Cardio,29.6,2.5,4.0,2.0,24.92
35.0,Female,59.4,1.75,165.0,130.0,61.0,0.99,766.0,Cardio,23.5,2.0,3.0,1.0,19.27
18.0,Male,80.4,1.68,149.0,122.0,80.0,0.9,896.0,Cardio,21.5,2.4,2.0,1.0,28.81
39.0,Male,89.6,1.89,138.0,105.0,69.0,0.49,930.0,Yoga,16.5,2.0,2.0,1.0,25.05
25.0,Female,93.1,1.81,177.0,160.0,74.0,1.17,1171.0,Strength,29.2,3.0,4.0,3.0,28.89
42.0,Female,73.1,1.68,140.0,121.0,72.0,0.56,724.0,Strength,30.6,2.1,2.0,1.0,25.86
21.0,Male,70.7,1.86,130.0,116.0,77.0,0.59,1207.0,Yoga,19.7,2.4,2.0,1.0,20.31
36.0,Female,77.6,1.72,149.0,122.0,76.0,0.65,986.0,Strength,28.7,1.9,1.0,1.0,26.68
33.0,Female,78.2,1.7,136.0,114.0,66.0,0.79,628.0,Strength,28.6,1.7,2.0,1.0,27.07
40.0,Female,66.1,1.74,150.0,129.0,71.0,1.04,117.0,Strength,25.4,2.6,2.0,2.0,21.79
37.0,Male,57.1,1.76,172.0,141.0,81.0,0.98,679.0,Cardio,13.8,2.2,5.0,2.0,18.45
33.0,Male,73.6,1.72,149.0,124.0,74.0,0.69,1146.0,Yoga,24.2,2.8,2.0,1.0,25.39
18.0,Male,65.1,1.8,148.0,131.0,74.0,1.06,403.0,Cardio,20.6,2.5,4.0,2.0,20.2
18.0,Male,80.2,1.67,160.0,112.0,77.0,0.4,670.0,Strength,23.9,1.5,2.0,1.0,29.19
29.0,Female,62.5,1.65,144.0,116.0,74.0,0.81,700.0,Strength,26.7,1.8,3.0,1.0,22.87
36.0,Female,84.9,1.67,149.0,130.0,69.0,0.85,951.0,Cardio,26.2,2.0,4.0,2.0,30.82
29.0,Female,44.4,1.64,192.0,169.0,68.0,1.22,533.0,Strength,20.7,3.3,4.0,2.0,16.59
44.0,Male,90.3,1.9,148.0,121.0,77.0,0.7,369.0,Cardio,21.6,2.4,3.0,1.0,25.32
33.0,Male,90.6,1.74,145.0,118.0,63.0,0.64,829.0,Yoga,29.7,2.1,3.0,1.0,30.26
24.0,Female,60.0,1.71,165.0,127.0,70.0,1.04,413.0,HIIT,22.8,2.6,3.0,2.0,20.19
33.0,Male,70.5,1.74,170.0,143.0,67.0,0.99,80.0,Yoga,23.2,2.4,3.0,2.0,23.31
39.0,Female,59.5,1.61,155.0,112.0,69.0,0.61,1234.0,Strength,24.2,2.5,1.0,1.0,23.29
40.0,Female,62.6,1.69,136.0,111.0,81.0,0.88,944.0,Yoga,17.7,2.3,1.0,1.0,22.31
59.0,Female,70.1,1.68,175.0,144.0,63.0,1.08,1256.0,Strength,26.2,2.8,4.0,2.0,25.28
28.0,Male,51.4,1.62,158.0,122.0,62.0,0.7,927.0,Yoga,18.3,2.0,3.0,1.0,19.62
35.0,Male,72.9,1.74,131.0,93.0,78.0,0.75,862.0,Yoga,21.7,1.8,3.0,1.0,24.62
41.0,Male,86.7,1.81,154.0,116.0,62.0,0.54,764.0,Yoga,23.7,2.4,2.0,2.0,26.23
36.0,Male,75.9,1.79,145.0,119.0,59.0,0.98,590.0,Yoga,19.4,2.8,3.0,1.0,23.17
30.0,Male,71.0,1.88,161.0,133.0,74.0,0.81,814.0,Cardio,17.1,2.9,4.0,1.0,19.99
18.0,Male,102.4,1.94,164.0,156.0,65.0,1.31,479.0,Cardio,20.4,3.5,5.0,2.0,27.63
30.0,Male,90.3,1.84,144.0,118.0,71.0,0.93,307.0,Yoga,17.4,2.5,5.0,3.0,26.29
23.0,Female,54.3,1.65,145.0,108.0,65.0,0.92,541.0,HIIT,22.6,2.0,3.0,2.0,19.43
18.0,Male,62.2,1.84,179.0,144.0,54.0,1.22,1068.0,Cardio,14.5,2.4,4.0,3.0,17.77
26.0,Male,77.0,1.92,148.0,121.0,64.0,0.53,252.0,Yoga,21.9,2.7,2.0,1.0,21.15
23.0,Male,99.0,1.93,130.0,86.0,70.0,0.83,255.0,Yoga,16.7,1.3,2.0,1.0,26.07
43.0,Female,78.0,1.79,171.0,146.0,55.0,1.11,843.0,Cardio,27.4,3.5,5.0,3.0,24.54
43.0,Male,93.1,1.84,130.0,99.0,74.0,0.8,513.0,Strength,30.4,1.7,3.0,1.0,27.38
25.0,Male,70.2,1.76,158.0,134.0,65.0,1.07,807.0,Cardio,19.6,3.3,3.0,2.0,22.39
33.0,Female,53.5,1.62,175.0,156.0,69.0,0.91,970.0,Cardio,23.3,2.4,3.0,2.0,20.04
18.0,Male,85.7,1.75,149.0,116.0,73.0,0.73,795.0,HIIT,25.7,2.4,2.0,1.0,28.06
30.0,Female,66.0,1.74,165.0,135.0,71.0,0.95,449.0,Cardio,26.0,3.5,2.0,1.0,21.54
41.0,Female,67.0,1.63,159.0,126.0,75.0,0.48,1057.0,HIIT,25.9,2.0,1.0,1.0,25.22
46.0,Female,47.6,1.6,143.0,118.0,70.0,0.49,883.0,Strength,18.9,1.9,2.0,2.0,18.73
27.0,Male,54.9,1.59,162.0,134.0,69.0,1.07,660.0,Cardio,21.3,2.1,3.0,2.0,21.93
49.0,Male,104.5,1.92,138.0,127.0,74.0,0.74,641.0,Strength,18.9,1.6,2.0,1.0,28.67
18.0,Female,63.4,1.73,172.0,141.0,51.0,1.01,772.0,Cardio,26.4,2.3,4.0,2.0,21.24
21.0,Male,87.4,1.82,186.0,157.0,69.0,1.23,556.0,Yoga,21.9,2.6,5.0,3.0,26.02
45.0,Female,50.5,1.75,154.0,135.0,69.0,0.94,129.0,Yoga,20.2,1.9,3.0,3.0,16.65
56.0,Female,62.4,1.67,142.0,115.0,76.0,0.6,886.0,Yoga,23.3,2.0,2.0,1.0,22.6
42.0,Male,86.1,1.9,153.0,127.0,63.0,0.39,867.0,Yoga,25.4,2.3,3.0,1.0,23.79
36.0,Male,87.8,1.68,157.0,115.0,70.0,0.66,80.0,Cardio,27.6,1.7,3.0,1.0,31.01
18.0,Male,77.8,1.97,150.0,130.0,64.0,0.73,812.0,Strength,17.1,2.0,3.0,1.0,20.91
18.0,Male,90.4,1.87,175.0,144.0,69.0,1.3,1217.0,Strength,21.6,3.4,4.0,2.0,25.4
38.0,Male,92.4,1.8,151.0,132.0,62.0,0.92,290.0,Yoga,24.4,1.5,2.0,1.0,28.69
32.0,Female,64.4,1.72,147.0,123.0,65.0,0.5,623.0,Yoga,31.6,3.0,2.0,1.0,22.13
23.0,Female,60.5,1.64,156.0,126.0,72.0,0.87,591.0,Cardio,21.0,2.1,4.0,2.0,22.37
37.0,Female,60.2,1.55,149.0,123.0,68.0,0.67,1179.0,Cardio,30.3,2.2,2.0,1.0,25.0
37.0,Male,68.1,1.9,139.0,111.0,66.0,0.69,1005.0,Yoga,18.8,2.7,2.0,1.0,18.72
47.0,Male,60.5,1.63,149.0,118.0,78.0,0.36,363.0,Yoga,24.8,2.8,2.0,1.0,22.77
38.0,Male,95.2,1.82,155.0,131.0,75.0,1.06,761.0,HIIT,26.9,2.7,3.0,2.0,29.06
51.0,Female,63.8,1.57,170.0,135.0,73.0,1.01,1388.0,Cardio,27.7,2.1,4.0,1.0,25.81
36.0,Female,66.7,1.67,153.0,127.0,78.0,0.33,445.0,Cardio,29.2,1.7,3.0,2.0,25.0
35.0,Male,64.6,1.65,186.0,159.0,62.0,1.27,653.0,Strength,21.7,2.5,5.0,3.0,23.57
49.0,Male,93.1,1.91,174.0,143.0,63.0,1.17,818.0,Strength,24.7,3.7,5.0,3.0,26.0
24.0,Female,75.7,1.68,155.0,125.0,63.0,0.9,454.0,Cardio,32.8,2.3,4.0,2.0,27.01
70.0,Female,61.7,1.66,154.0,121.0,73.0,0.45,1210.0,Yoga,25.2,2.2,4.0,1.0,22.43
41.0,Female,66.4,1.48,152.0,121.0,68.0,0.71,496.0,Cardio,30.0,1.6,3.0,1.0,30.83
41.0,Female,75.2,1.63,179.0,147.0,61.0,1.55,213.0,HIIT,27.7,2.3,5.0,3.0,27.74
42.0,Female,76.4,1.68,159.0,134.0,76.0,0.69,481.0,Yoga,30.0,2.1,2.0,1.0,27.22
59.0,Female,64.1,1.76,163.0,144.0,76.0,0.65,859.0,Strength,20.9,2.3,3.0,1.0,20.44
46.0,Male,67.8,1.84,147.0,130.0,71.0,1.01,395.0,Cardio,17.0,2.3,4.0,3.0,19.87
18.0,Female,55.9,1.55,130.0,111.0,85.0,0.62,742.0,Cardio,22.7,1.4,3.0,1.0,23.1
53.0,Female,64.1,1.63,176.0,134.0,63.0,0.8,830.0,Strength,27.8,2.4,3.0,2.0,23.79
32.0,Female,39.3,1.54,161.0,151.0,51.0,1.34,269.0,HIIT,18.0,3.5,5.0,3.0,15.99
37.0,Male,84.5,1.81,187.0,149.0,73.0,1.1,473.0,Yoga,18.8,2.1,4.0,2.0,25.93
21.0,Female,87.0,1.72,149.0,128.0,67.0,0.55,759.0,Cardio,27.2,2.5,1.0,1.0,29.38
42.0,Female,71.1,1.67,191.0,154.0,62.0,1.04,879.0,Cardio,25.7,1.2,4.0,2.0,25.39
28.0,Female,58.8,1.66,153.0,143.0,56.0,0.67,477.0,Yoga,22.6,2.1,4.0,2.0,21.6
37.0,Male,73.0,1.87,170.0,144.0,62.0,0.87,700.0,Cardio,19.5,1.6,2.0,2.0,21.03
33.0,Male,77.6,1.76,177.0,137.0,57.0,0.95,560.0,Cardio,21.5,3.0,2.0,2.0,24.96
59.0,Female,69.8,1.73,174.0,140.0,65.0,0.89,884.0,Cardio,26.8,2.8,3.0,2.0,24.39
60.0,Female,73.9,1.68,149.0,124.0,69.0,0.55,813.0,Yoga,29.3,1.6,3.0,1.0,26.54
37.0,Female,71.2,1.63,135.0,123.0,73.0,0.74,528.0,Strength,30.7,2.2,3.0,1.0,27.65
37.0,Male,78.9,1.66,130.0,110.0,81.0,0.72,799.0,Cardio,19.2,2.6,3.0,1.0,28.49
32.0,Male,57.3,1.71,168.0,129.0,73.0,1.0,519.0,Strength,14.3,3.1,4.0,2.0,19.68
49.0,Female,66.5,1.64,158.0,133.0,57.0,1.09,798.0,Strength,28.5,2.3,3.0,2.0,24.29
32.0,Female,59.8,1.63,156.0,129.0,72.0,0.87,800.0,Cardio,25.6,1.5,3.0,2.0,22.39
31.0,Male,71.4,1.72,133.0,103.0,73.0,0.49,1402.0,Strength,24.2,1.7,2.0,1.0,23.93
48.0,Male,92.0,1.84,161.0,143.0,67.0,0.89,544.0,Strength,19.1,2.8,4.0,2.0,28.22
30.0,Female,69.1,1.6,188.0,157.0,64.0,1.2,610.0,HIIT,27.2,3.7,5.0,3.0,26.75
36.0,Female,79.2,1.63,130.0,105.0,73.0,0.34,435.0,Yoga,30.0,2.1,2.0,1.0,29.73
18.0,Female,71.2,1.67,164.0,134.0,63.0,0.89,320.0,Cardio,27.9,2.2,4.0,2.0,25.02
44.0,Male,73.6,1.77,157.0,134.0,67.0,1.14,506.0,Strength,20.9,3.5,4.0,2.0,23.68
59.0,Male,63.2,1.66,153.0,138.0,76.0,1.09,865.0,Yoga,21.8,2.6,4.0,2.0,22.62
45.0,Male,53.6,1.73,132.0,107.0,67.0,0.73,882.0,HIIT,16.0,1.5,3.0,1.0,18.23
54.0,Male,88.8,1.75,155.0,122.0,61.0,0.99,744.0,Cardio,29.3,2.4,3.0,2.0,28.37
26.0,Female,63.1,1.69,190.0,159.0,64.0,1.51,564.0,Strength,29.7,3.2,5.0,3.0,22.05
39.0,Female,80.9,1.77,149.0,121.0,60.0,0.81,490.0,HIIT,24.3,2.4,3.0,1.0,25.18
25.0,Female,67.9,1.62,187.0,152.0,52.0,1.15,361.0,HIIT,27.8,3.2,5.0,3.0,25.7
33.0,Male,67.0,1.9,177.0,151.0,62.0,1.46,479.0,HIIT,19.2,2.1,4.0,3.0,18.46
45.0,Male,69.5,1.82,145.0,117.0,82.0,0.65,232.0,Yoga,20.5,1.5,2.0,1.0,20.77
37.0,Female,80.1,1.64,163.0,139.0,68.0,0.87,1085.0,Yoga,29.6,2.1,2.0,2.0,29.61
19.0,Female,60.1,1.55,188.0,152.0,69.0,1.05,1242.0,Cardio,27.8,2.3,4.0,1.0,25.36
20.0,Male,67.6,1.79,168.0,138.0,49.0,1.22,80.0,HIIT,14.1,3.0,6.0,3.0,21.86
19.0,Male,84.9,1.88,151.0,127.0,75.0,0.52,739.0,Yoga,21.2,2.4,3.0,1.0,24.14
42.0,Male,85.7,1.73,130.0,93.0,73.0,0.52,730.0,Strength,20.5,3.2,3.0,1.0,28.33
61.0,Female,72.2,1.64,205.0,168.0,59.0,1.34,725.0,Strength,30.0,2.5,5.0,3.0,26.87
52.0,Male,60.0,1.78,130.0,98.0,73.0,0.68,455.0,Strength,13.8,2.0,3.0,1.0,18.81
18.0,Male,108.7,1.9,189.0,160.0,69.0,1.2,983.0,Cardio,26.6,2.1,4.0,2.0,30.42
53.0,Male,99.6,1.88,161.0,114.0,65.0,0.61,777.0,Yoga,25.5,2.6,3.0,1.0,28.28
47.0,Male,73.6,1.8,201.0,167.0,66.0,1.24,988.0,Cardio,20.4,3.3,4.0,3.0,22.16
18.0,Male,58.1,1.76,205.0,165.0,72.0,1.51,423.0,Cardio,15.1,2.6,5.0,3.0,19.14
32.0,Male,94.4,1.82,138.0,114.0,70.0,0.8,205.0,Strength,24.2,3.0,2.0,1.0,28.84
49.0,Male,80.5,1.77,169.0,132.0,62.0,0.99,790.0,Cardio,26.1,2.1,3.0,2.0,26.22
43.0,Female,51.0,1.64,138.0,110.0,71.0,0.42,336.0,Yoga,20.9,2.6,1.0,1.0,18.78
20.0,Female,56.7,1.57,175.0,144.0,74.0,0.85,989.0,Yoga,25.5,3.1,3.0,2.0,23.11
43.0,Male,109.6,1.75,176.0,132.0,59.0,0.81,80.0,Strength,29.0,1.8,4.0,1.0,35.37
18.0,Male,72.5,1.74,154.0,128.0,72.0,0.98,500.0,Strength,24.2,2.7,4.0,3.0,23.93
33.0,Female,50.8,1.53,151.0,123.0,67.0,0.57,449.0,Yoga,24.6,1.0,2.0,1.0,21.84
50.0,Female,57.0,1.66,130.0,109.0,74.0,0.89,541.0,HIIT,21.2,2.5,4.0,1.0,20.46
36.0,Male,89.6,1.71,168.0,133.0,64.0,0.73,733.0,Strength,26.5,2.0,3.0,2.0,30.76
30.0,Male,94.8,1.87,161.0,137.0,64.0,0.8,777.0,Strength,23.0,2.7,4.0,2.0,27.17
47.0,Male,82.6,1.68,166.0,130.0,79.0,1.01,856.0,Cardio,29.6,2.8,4.0,2.0,29.11
48.0,Female,58.0,1.51,130.0,113.0,62.0,0.73,888.0,Cardio,27.2,2.6,3.0,1.0,25.93
52.0,Male,102.3,1.87,165.0,133.0,75.0,0.3,591.0,Strength,21.3,2.5,3.0,1.0,29.17
46.0,Male,52.0,1.61,175.0,152.0,76.0,1.03,1328.0,Yoga,19.6,2.8,5.0,3.0,20.11
49.0,Female,73.4,1.71,148.0,114.0,77.0,0.61,1090.0,Yoga,32.5,1.9,2.0,1.0,24.59
45.0,Female,77.5,1.74,144.0,116.0,63.0,0.85,548.0,Yoga,31.1,2.1,3.0,1.0,25.78
39.0,Male,91.5,1.79,183.0,159.0,55.0,1.57,615.0,Cardio,21.5,2.3,6.0,3.0,28.39
37.0,Female,69.2,1.64,133.0,108.0,67.0,0.59,538.0,Strength,26.8,2.0,2.0,1.0,26.06
33.0,Male,72.9,1.84,161.0,140.0,69.0,0.94,768.0,Strength,19.1,2.3,4.0,2.0,21.07
21.0,Male,80.2,1.8,156.0,121.0,74.0,0.52,335.0,Strength,21.7,1.7,1.0,1.0,24.9
25.0,Male,58.6,1.86,156.0,136.0,55.0,1.38,402.0,HIIT,16.7,2.0,6.0,2.0,16.17
33.0,Female,50.0,1.74,180.0,154.0,62.0,1.2,80.0,Strength,19.2,1.9,4.0,2.0,16.73
39.0,Male,97.5,1.92,200.0,169.0,58.0,1.48,532.0,Strength,20.4,1.4,6.0,3.0,26.39
53.0,Female,56.9,1.57,151.0,110.0,71.0,0.65,986.0,Cardio,28.3,2.0,2.0,1.0,23.22
35.0,Male,86.2,1.94,153.0,125.0,82.0,0.84,600.0,Yoga,17.0,2.6,2.0,2.0,22.69
48.0,Female,86.7,1.79,164.0,138.0,61.0,0.97,621.0,Yoga,26.2,1.2,5.0,2.0,26.73
49.0,Male,80.2,1.64,134.0,104.0,65.0,0.86,736.0,Yoga,22.5,2.2,2.0,2.0,29.67
33.0,Male,105.1,1.99,143.0,132.0,64.0,0.59,327.0,Strength,25.1,2.0,2.0,1.0,26.61
43.0,Female,94.2,1.72,131.0,113.0,76.0,0.38,652.0,Strength,32.8,1.6,3.0,1.0,32.04
33.0,Female,66.2,1.62,195.0,170.0,64.0,1.24,942.0,Cardio,29.8,2.6,6.0,3.0,25.33
52.0,Male,79.4,1.78,150.0,128.0,62.0,0.93,748.0,Strength,19.7,2.9,3.0,1.0,24.73
44.0,Female,76.9,1.76,150.0,135.0,65.0,0.7,962.0,Strength,23.1,2.0,3.0,2.0,25.47
22.0,Female,53.7,1.68,184.0,149.0,62.0,1.0,1058.0,Yoga,20.9,2.5,4.0,2.0,19.14
38.0,Female,72.3,1.62,163.0,133.0,70.0,1.05,864.0,Cardio,28.5,2.6,3.0,2.0,27.33
56.0,Male,51.1,1.76,168.0,139.0,87.0,1.25,426.0,HIIT,15.8,2.1,3.0,2.0,16.65
34.0,Male,81.3,1.91,151.0,129.0,76.0,0.45,536.0,Strength,14.8,2.6,3.0,1.0,22.38
41.0,Female,65.3,1.65,159.0,130.0,67.0,1.08,1270.0,Strength,27.6,2.6,3.0,2.0,23.92
43.0,Male,73.6,1.85,137.0,105.0,67.0,0.8,747.0,Cardio,16.5,2.0,2.0,1.0,21.4
24.0,Female,63.1,1.71,165.0,139.0,55.0,1.37,713.0,Strength,22.3,3.9,5.0,3.0,21.92
42.0,Female,80.1,1.61,174.0,142.0,73.0,0.82,376.0,Strength,35.2,2.9,4.0,2.0,31.51
19.0,Female,74.4,1.61,144.0,122.0,77.0,0.49,616.0,Cardio,23.4,1.3,1.0,1.0,27.99
28.0,Female,65.2,1.75,176.0,147.0,65.0,0.98,882.0,Yoga,25.0,2.3,4.0,2.0,21.72
49.0,Female,69.6,1.75,152.0,115.0,80.0,0.66,651.0,Yoga,26.1,3.2,4.0,1.0,22.73
40.0,Male,56.5,1.75,178.0,140.0,64.0,1.21,487.0,Cardio,14.3,2.4,6.0,3.0,18.53
32.0,Female,74.2,1.69,169.0,130.0,69.0,1.48,563.0,Cardio,26.4,2.8,5.0,2.0,26.45
41.0,Male,78.2,1.87,205.0,180.0,66.0,1.23,1040.0,Cardio,23.5,3.4,6.0,3.0,21.43
35.0,Female,42.5,1.58,151.0,123.0,71.0,0.37,859.0,Yoga,26.5,2.4,3.0,1.0,17.31
36.0,Female,69.4,1.67,143.0,119.0,65.0,0.62,817.0,Strength,30.1,2.5,2.0,1.0,25.33
44.0,Female,63.7,1.56,135.0,121.0,71.0,0.72,789.0,Yoga,33.6,2.4,3.0,1.0,25.93
27.0,Male,82.3,1.71,130.0,104.0,78.0,0.7,267.0,Cardio,22.5,2.1,3.0,1.0,27.66
36.0,Male,79.4,1.81,137.0,110.0,68.0,0.7,733.0,Yoga,16.6,1.7,1.0,1.0,24.81
32.0,Female,60.6,1.62,162.0,135.0,75.0,0.87,992.0,Yoga,25.3,2.3,3.0,1.0,22.48
18.0,Female,83.0,1.64,200.0,161.0,56.0,1.12,572.0,Cardio,34.1,2.6,5.0,3.0,31.01
25.0,Female,61.2,1.58,149.0,110.0,77.0,0.59,958.0,Yoga,21.1,1.9,2.0,2.0,24.87
55.0,Male,93.2,1.85,130.0,106.0,74.0,0.88,821.0,Strength,21.0,2.8,2.0,1.0,27.37
41.0,Female,61.7,1.68,166.0,131.0,60.0,0.67,913.0,Strength,22.0,2.3,4.0,2.0,22.06
20.0,Male,83.1,1.77,157.0,133.0,66.0,0.96,667.0,Strength,24.3,3.2,4.0,2.0,26.43
18.0,Female,49.4,1.64,189.0,156.0,75.0,1.15,939.0,Yoga,22.4,2.6,4.0,2.0,18.53
35.0,Female,57.4,1.61,168.0,134.0,59.0,1.15,184.0,Strength,22.4,2.4,4.0,2.0,21.9
55.0,Male,64.0,1.85,180.0,142.0,57.0,1.39,666.0,Strength,17.5,2.0,5.0,3.0,18.5
34.0,Female,56.0,1.61,159.0,135.0,68.0,1.07,880.0,Strength,20.8,3.4,3.0,2.0,21.62
52.0,Female,77.1,1.64,175.0,139.0,83.0,0.81,745.0,Yoga,28.6,2.4,3.0,2.0,28.13
40.0,Male,58.7,1.65,136.0,123.0,63.0,1.18,1002.0,Cardio,15.5,1.4,4.0,2.0,21.76
42.0,Female,66.3,1.56,160.0,122.0,75.0,0.47,595.0,Strength,28.3,2.5,2.0,1.0,26.38
20.0,Female,87.5,1.7,158.0,130.0,74.0,0.48,471.0,Yoga,28.8,2.1,3.0,1.0,30.4
47.0,Female,68.0,1.69,165.0,137.0,64.0,1.03,127.0,Yoga,28.1,2.0,4.0,2.0,23.97
32.0,Female,85.6,1.74,130.0,110.0,73.0,0.58,558.0,Yoga,29.5,2.5,3.0,1.0,28.0
46.0,Male,73.2,1.68,156.0,131.0,65.0,1.0,816.0,Strength,22.1,1.3,3.0,2.0,25.5
26.0,Female,75.5,1.74,140.0,101.0,69.0,0.71,889.0,Strength,32.3,1.8,2.0,1.0,24.79
38.0,Male,85.7,1.77,142.0,117.0,60.0,0.92,201.0,Yoga,25.0,2.0,3.0,1.0,27.58
40.0,Male,103.2,1.81,155.0,121.0,72.0,0.72,1024.0,HIIT,26.1,2.5,2.0,1.0,31.62
34.0,Male,75.9,1.88,155.0,127.0,74.0,0.88,338.0,Cardio,17.4,3.5,3.0,2.0,21.09
41.0,Male,58.2,1.67,174.0,137.0,72.0,0.75,611.0,Yoga,15.1,2.0,3.0,1.0,20.91
33.0,Male,67.1,1.83,174.0,144.0,76.0,0.85,469.0,Yoga,17.8,2.7,4.0,2.0,20.13
28.0,Male,93.7,1.86,157.0,136.0,68.0,1.43,788.0,Yoga,24.6,4.0,4.0,3.0,27.16
55.0,Female,89.2,1.76,130.0,100.0,72.0,0.66,675.0,Yoga,24.3,2.1,3.0,1.0,28.45
49.0,Female,60.2,1.66,167.0,126.0,64.0,1.03,868.0,Strength,20.4,2.7,3.0,2.0,21.9
27.0,Male,54.1,1.81,166.0,134.0,69.0,0.38,1236.0,Yoga,13.7,1.5,3.0,2.0,16.83
43.0,Female,50.0,1.51,154.0,127.0,62.0,0.31,772.0,Yoga,21.3,3.0,1.0,1.0,22.12
27.0,Male,87.0,1.83,198.0,152.0,66.0,0.74,467.0,Yoga,22.9,2.1,4.0,2.0,26.12
22.0,Female,53.2,1.52,191.0,154.0,65.0,1.55,806.0,Cardio,26.0,2.9,5.0,3.0,23.6
48.0,Male,72.8,1.7,151.0,116.0,84.0,0.48,1267.0,Yoga,21.8,2.2,1.0,1.0,25.25
18.0,Female,52.0,1.54,155.0,124.0,72.0,1.08,861.0,HIIT,26.2,2.5,4.0,2.0,21.63
47.0,Male,99.1,1.87,155.0,121.0,66.0,0.55,949.0,Yoga,22.9,1.9,1.0,1.0,28.05
33.0,Female,72.0,1.69,168.0,134.0,58.0,0.93,141.0,Strength,27.0,2.6,3.0,2.0,25.27
33.0,Female,77.3,1.72,145.0,134.0,67.0,0.96,775.0,Strength,24.9,3.2,4.0,2.0,25.63
